﻿<?xml version="1.0" encoding="utf-8"?>
<BookNames>
  <book code="GEN" abbr="Genesis" short="Genesis" long="The First Book of Moses, Commonly Called Genesis" alt="" />
  <book code="EXO" abbr="Exodus" short="Exodus" long="The Second Book of Mosis, Commonly Called Exodus" alt="" />
  <book code="LEV" abbr="Leviticus" short="Leviticus" long="The Third Book of Mosis, Commonly Called Leviticus" alt="" />
  <book code="NUM" abbr="Numbers" short="Numbers" long="The Fourth Book of Moses, Commonly Called Numbers" alt="" />
  <book code="DEU" abbr="Deuteronomy" short="Deuteronomy" long="The Fifth Book of Moses, Commonly Called Deuteronomy" alt="" />
  <book code="JOS" abbr="Joshua" short="Joshua" long="The Book of Joshua" alt="" />
  <book code="JDG" abbr="Judges" short="Judges" long="The Book of Judges" alt="" />
  <book code="RUT" abbr="Ruth" short="Ruth" long="The Book of Ruth" alt="" />
  <book code="1SA" abbr="1 Samuel" short="1 Samuel" long="The First Book of Samuel" alt="" />
  <book code="2SA" abbr="2 Samuel" short="2 Samuel" long="The Second Book of Samuel" alt="" />
  <book code="1KI" abbr="1 Kings" short="1 Kings" long="The First Book of Kings" alt="" />
  <book code="2KI" abbr="2 Kings" short="2 Kings" long="The Second Book of Kings" alt="" />
  <book code="1CH" abbr="1 Chronicles" short="1 Chronicles" long="The First Book of Chronicles" alt="" />
  <book code="2CH" abbr="2 Chronicles" short="2 Chronicles" long="The Second Book of Chronicles" alt="" />
  <book code="EZR" abbr="Ezra" short="Ezra" long="The Book of Ezra" alt="" />
  <book code="NEH" abbr="Nehemiah" short="Nehemiah" long="The Book of Nehemiah" alt="" />
  <book code="EST" abbr="Esther" short="Esther" long="The Book of Esther" alt="" />
  <book code="JOB" abbr="Job" short="Job" long="The Book of Job" alt="" />
  <book code="PSA" abbr="Psalm" short="Psalms" long="The Psalms" alt="" />
  <book code="PRO" abbr="Proverbs" short="Proverbs" long="The Proverbs" alt="" />
  <book code="ECC" abbr="Ecclesiastes" short="Ecclesiastes" long="Ecclesiates or, The Preacher" alt="" />
  <book code="SNG" abbr="Song of Solomon" short="Song of Solomon" long="The Song of Solomon" alt="" />
  <book code="ISA" abbr="Isaiah" short="Isaiah" long="The Book of Isaiah" alt="" />
  <book code="JER" abbr="Jeremiah" short="Jeremiah" long="The Book of Jeremiah" alt="" />
  <book code="LAM" abbr="Lamentations" short="Lamentations" long="The Lamentations of Jeremiah" alt="" />
  <book code="EZK" abbr="Ezekiel" short="Ezekiel" long="The Book of Ezekiel" alt="" />
  <book code="DAN" abbr="Daniel" short="Daniel" long="The Book of Daniel" alt="" />
  <book code="HOS" abbr="Hosea" short="Hosea" long="The Book of Hosea" alt="" />
  <book code="JOL" abbr="Joel" short="Joel" long="The Book of Joel" alt="" />
  <book code="AMO" abbr="Amos" short="Amos" long="The Book of Amos" alt="" />
  <book code="OBA" abbr="Obadiah" short="Obadiah" long="The Book of Obadiah" alt="" />
  <book code="JON" abbr="Jonah" short="Jonah" long="The Book of Jonah" alt="" />
  <book code="MIC" abbr="Micah" short="Micah" long="The Book of Micah" alt="" />
  <book code="NAM" abbr="Nahum" short="Nahum" long="The Book of Nahum" alt="" />
  <book code="HAB" abbr="Habakkuk" short="Habakkuk" long="The Book of Habakkuk" alt="" />
  <book code="ZEP" abbr="Zephaniah" short="Zephaniah" long="The Book of Zephaniah" alt="" />
  <book code="HAG" abbr="Haggai" short="Haggai" long="The Book of Haggai" alt="" />
  <book code="ZEC" abbr="Zechariah" short="Zechariah" long="The Book of Zechariah" alt="" />
  <book code="MAL" abbr="Malachi" short="Malachi" long="The Book of Malachi" alt="" />
  <book code="TOB" abbr="Tobit" short="Tobit" long="Tobit" alt="" />
  <book code="JDT" abbr="Judith" short="Judith" long="Judith" alt="" />
  <book code="ESG" abbr="ESG" short="Esther (Greek)" long="Esther (Greek)" alt="" />
  <book code="WIS" abbr="Wisdom" short="Wisdom of Solomon" long="The Wisdom of Solomon" alt="" />
  <book code="SIR" abbr="Sirach" short="Sirach" long="The Wisdom of Jesus the Son of Sirach, or Ecclesiasticus" alt="" />
  <book code="BAR" abbr="Baruch" short="Baruch" long="Baruch" alt="" />
  <book code="1MA" abbr="1Ma" short="1 Maccabees" long="The First Book of the Maccabees" alt="" />
  <book code="2MA" abbr="2Ma" short="2 Maccabees" long="The Second Book of the Maccabees" alt="" />
  <book code="1ES" abbr="1Es" short="1 Esdras" long="The First Book of Esdras" alt="" />
  <book code="MAN" abbr="Man" short="Prayer of Manasses" long="The Prayer of Manasses King of Judah when He was Held Captive in Babylon" alt="" />
  <book code="PS2" abbr="Ps151" short="Psalm 151" long="Psalm 151" alt="" />
  <book code="3MA" abbr="3Ma" short="3 Maccabees" long="The Third Book of the Maccabees" alt="" />
  <book code="2ES" abbr="2Es" short="2 Esdras" long="The Second Book of Esdras" alt="" />
  <book code="4MA" abbr="4Ma" short="4 Maccabees" long="The Fourth Book of the Maccabees" alt="" />
  <book code="DAG" abbr="DAG" short="Daniel (Greek)" long="The Book of Daniel with Greek Portions" alt="" />
  <book code="MAT" abbr="Matthew" short="Matthew" long="The Good News According to Matthew" alt="" />
  <book code="MRK" abbr="Mark" short="Mark" long="The Good News According to Mark" alt="" />
  <book code="LUK" abbr="Luke" short="Luke" long="The Good News According to Luke" alt="" />
  <book code="JHN" abbr="John" short="John" long="The Good News According to John" alt="" />
  <book code="ACT" abbr="Acts" short="Acts" long="The Acts of the Apostles" alt="" />
  <book code="ROM" abbr="Romans" short="Romans" long="Paul’s Letter to the Romans" alt="" />
  <book code="1CO" abbr="1 Corinthians" short="1 Corinthians" long="Paul’s First Letter to the Corinthians" alt="" />
  <book code="2CO" abbr="2 Corinthians" short="2 Corinthians" long="Paul’s Second Letter to the Corinthians" alt="" />
  <book code="GAL" abbr="Galatians" short="Galatians" long="Paul’s Letter to the Galatians" alt="" />
  <book code="EPH" abbr="Ephesians" short="Ephesians" long="Paul’s Letter to the Ephesians" alt="" />
  <book code="PHP" abbr="Philippians" short="Philippians" long="Paul’s Letter to the Philippians" alt="" />
  <book code="COL" abbr="Colossians" short="Colossians" long="Paul’s Letter to the Colossians" alt="" />
  <book code="1TH" abbr="1 Thessalonians" short="1 Thessalonians" long="Paul’s First Letter to the Thessalonians" alt="" />
  <book code="2TH" abbr="2 Thessalonians" short="2 Thessalonians" long="Paul’s Second Letter to the Thessalonians" alt="" />
  <book code="1TI" abbr="1 Timothy" short="1 Timothy" long="Paul’s First Letter to Timothy" alt="" />
  <book code="2TI" abbr="2 Timothy" short="2 Timothy" long="Paul’s Second Letter to Timothy" alt="" />
  <book code="TIT" abbr="Titus" short="Titus" long="Paul’s Letter to Titus" alt="" />
  <book code="PHM" abbr="Philemon" short="Philemon" long="Paul’s Letter to Philemon" alt="" />
  <book code="HEB" abbr="Hebrews" short="Hebrews" long="The Letter to the Hebrews" alt="" />
  <book code="JAS" abbr="James" short="James" long="The Letter from James" alt="" />
  <book code="1PE" abbr="1 Peter" short="1 Peter" long="Peter’s First Letter" alt="" />
  <book code="2PE" abbr="2 Peter" short="2 Peter" long="Peter’s Second Letter" alt="" />
  <book code="1JN" abbr="1 John" short="1 John" long="John’s First Letter" alt="" />
  <book code="2JN" abbr="2 John" short="2 John" long="John’s Second Letter" alt="" />
  <book code="3JN" abbr="3 John" short="3 John" long="John’s Third Letter" alt="" />
  <book code="JUD" abbr="Jude" short="Jude" long="The Letter from Jude" alt="" />
  <book code="REV" abbr="Revelation" short="Revelation" long="The Revelation to John" alt="" />
</BookNames>