﻿<?xml version="1.0" encoding="utf-8"?>
<DBLMetadata id="9879dbb7cfe39e4d" type="text" typeVersion="1.5">
  <identification>
    <name>World English Bible</name>
    <nameLocal>World English Bible</nameLocal>
    <abbreviation>engwebp</abbreviation>
    <abbreviationLocal>WEBP</abbreviationLocal>
    <scope>Bible without Deuterocanon</scope>
    <description>The World English Bible is a Public Domain translation of the Holy Bible into modern English.</description>
    <dateCompleted>2015</dateCompleted>
    <systemId fullname="World English Bible" name="" type="paratext" />
    <bundleProducer />
  </identification>
  <confidential>false</confidential>
  <language>
    <iso>eng</iso>
    <name>English</name>
    <nameLocal>English</nameLocal>
    <ldml />
    <rod>00025</rod>
    <script>Latin</script>
    <scriptDirection>LTR</scriptDirection>
    <numerals>Arabic</numerals>
  </language>
  <country>
    <iso>US</iso>
    <name>United States</name>
  </country>
  <type>
    <translationType>Revision</translationType>
    <audience>Common</audience>
  </type>
  <bookNames>
    <book code="FRT">
      <long>Preface</long>
      <short>Preface</short>
      <abbr>Pre</abbr>
    </book>
    <book code="GEN">
      <long>The First Book of Moses, Commonly Called Genesis</long>
      <short>Genesis</short>
      <abbr>Genesis</abbr>
    </book>
    <book code="EXO">
      <long>The Second Book of Mosis, Commonly Called Exodus</long>
      <short>Exodus</short>
      <abbr>Exodus</abbr>
    </book>
    <book code="LEV">
      <long>The Third Book of Mosis, Commonly Called Leviticus</long>
      <short>Leviticus</short>
      <abbr>Leviticus</abbr>
    </book>
    <book code="NUM">
      <long>The Fourth Book of Moses, Commonly Called Numbers</long>
      <short>Numbers</short>
      <abbr>Numbers</abbr>
    </book>
    <book code="DEU">
      <long>The Fifth Book of Moses, Commonly Called Deuteronomy</long>
      <short>Deuteronomy</short>
      <abbr>Deuteronomy</abbr>
    </book>
    <book code="JOS">
      <long>The Book of Joshua</long>
      <short>Joshua</short>
      <abbr>Joshua</abbr>
    </book>
    <book code="JDG">
      <long>The Book of Judges</long>
      <short>Judges</short>
      <abbr>Judges</abbr>
    </book>
    <book code="RUT">
      <long>The Book of Ruth</long>
      <short>Ruth</short>
      <abbr>Ruth</abbr>
    </book>
    <book code="1SA">
      <long>The First Book of Samuel</long>
      <short>1 Samuel</short>
      <abbr>1 Samuel</abbr>
    </book>
    <book code="2SA">
      <long>The Second Book of Samuel</long>
      <short>2 Samuel</short>
      <abbr>2 Samuel</abbr>
    </book>
    <book code="1KI">
      <long>The First Book of Kings</long>
      <short>1 Kings</short>
      <abbr>1 Kings</abbr>
    </book>
    <book code="2KI">
      <long>The Second Book of Kings</long>
      <short>2 Kings</short>
      <abbr>2 Kings</abbr>
    </book>
    <book code="1CH">
      <long>The First Book of Chronicles</long>
      <short>1 Chronicles</short>
      <abbr>1 Chronicles</abbr>
    </book>
    <book code="2CH">
      <long>The Second Book of Chronicles</long>
      <short>2 Chronicles</short>
      <abbr>2 Chronicles</abbr>
    </book>
    <book code="EZR">
      <long>The Book of Ezra</long>
      <short>Ezra</short>
      <abbr>Ezra</abbr>
    </book>
    <book code="NEH">
      <long>The Book of Nehemiah</long>
      <short>Nehemiah</short>
      <abbr>Nehemiah</abbr>
    </book>
    <book code="EST">
      <long>The Book of Esther</long>
      <short>Esther</short>
      <abbr>Esther</abbr>
    </book>
    <book code="JOB">
      <long>The Book of Job</long>
      <short>Job</short>
      <abbr>Job</abbr>
    </book>
    <book code="PSA">
      <long>The Psalms</long>
      <short>Psalms</short>
      <abbr>Psalm</abbr>
    </book>
    <book code="PRO">
      <long>The Proverbs</long>
      <short>Proverbs</short>
      <abbr>Proverbs</abbr>
    </book>
    <book code="ECC">
      <long>Ecclesiates or, The Preacher</long>
      <short>Ecclesiastes</short>
      <abbr>Ecclesiastes</abbr>
    </book>
    <book code="SNG">
      <long>The Song of Solomon</long>
      <short>Song of Solomon</short>
      <abbr>Song of Solomon</abbr>
    </book>
    <book code="ISA">
      <long>The Book of Isaiah</long>
      <short>Isaiah</short>
      <abbr>Isaiah</abbr>
    </book>
    <book code="JER">
      <long>The Book of Jeremiah</long>
      <short>Jeremiah</short>
      <abbr>Jeremiah</abbr>
    </book>
    <book code="LAM">
      <long>The Lamentations of Jeremiah</long>
      <short>Lamentations</short>
      <abbr>Lamentations</abbr>
    </book>
    <book code="EZK">
      <long>The Book of Ezekiel</long>
      <short>Ezekiel</short>
      <abbr>Ezekiel</abbr>
    </book>
    <book code="DAN">
      <long>The Book of Daniel</long>
      <short>Daniel</short>
      <abbr>Daniel</abbr>
    </book>
    <book code="HOS">
      <long>The Book of Hosea</long>
      <short>Hosea</short>
      <abbr>Hosea</abbr>
    </book>
    <book code="JOL">
      <long>The Book of Joel</long>
      <short>Joel</short>
      <abbr>Joel</abbr>
    </book>
    <book code="AMO">
      <long>The Book of Amos</long>
      <short>Amos</short>
      <abbr>Amos</abbr>
    </book>
    <book code="OBA">
      <long>The Book of Obadiah</long>
      <short>Obadiah</short>
      <abbr>Obadiah</abbr>
    </book>
    <book code="JON">
      <long>The Book of Jonah</long>
      <short>Jonah</short>
      <abbr>Jonah</abbr>
    </book>
    <book code="MIC">
      <long>The Book of Micah</long>
      <short>Micah</short>
      <abbr>Micah</abbr>
    </book>
    <book code="NAM">
      <long>The Book of Nahum</long>
      <short>Nahum</short>
      <abbr>Nahum</abbr>
    </book>
    <book code="HAB">
      <long>The Book of Habakkuk</long>
      <short>Habakkuk</short>
      <abbr>Habakkuk</abbr>
    </book>
    <book code="ZEP">
      <long>The Book of Zephaniah</long>
      <short>Zephaniah</short>
      <abbr>Zephaniah</abbr>
    </book>
    <book code="HAG">
      <long>The Book of Haggai</long>
      <short>Haggai</short>
      <abbr>Haggai</abbr>
    </book>
    <book code="ZEC">
      <long>The Book of Zechariah</long>
      <short>Zechariah</short>
      <abbr>Zechariah</abbr>
    </book>
    <book code="MAL">
      <long>The Book of Malachi</long>
      <short>Malachi</short>
      <abbr>Malachi</abbr>
    </book>
    <book code="MAT">
      <long>The Good News According to Matthew</long>
      <short>Matthew</short>
      <abbr>Matthew</abbr>
    </book>
    <book code="MRK">
      <long>The Good News According to Mark</long>
      <short>Mark</short>
      <abbr>Mark</abbr>
    </book>
    <book code="LUK">
      <long>The Good News According to Luke</long>
      <short>Luke</short>
      <abbr>Luke</abbr>
    </book>
    <book code="JHN">
      <long>The Good News According to John</long>
      <short>John</short>
      <abbr>John</abbr>
    </book>
    <book code="ACT">
      <long>The Acts of the Apostles</long>
      <short>Acts</short>
      <abbr>Acts</abbr>
    </book>
    <book code="ROM">
      <long>Paul’s Letter to the Romans</long>
      <short>Romans</short>
      <abbr>Romans</abbr>
    </book>
    <book code="1CO">
      <long>Paul’s First Letter to the Corinthians</long>
      <short>1 Corinthians</short>
      <abbr>1 Corinthians</abbr>
    </book>
    <book code="2CO">
      <long>Paul’s Second Letter to the Corinthians</long>
      <short>2 Corinthians</short>
      <abbr>2 Corinthians</abbr>
    </book>
    <book code="GAL">
      <long>Paul’s Letter to the Galatians</long>
      <short>Galatians</short>
      <abbr>Galatians</abbr>
    </book>
    <book code="EPH">
      <long>Paul’s Letter to the Ephesians</long>
      <short>Ephesians</short>
      <abbr>Ephesians</abbr>
    </book>
    <book code="PHP">
      <long>Paul’s Letter to the Philippians</long>
      <short>Philippians</short>
      <abbr>Philippians</abbr>
    </book>
    <book code="COL">
      <long>Paul’s Letter to the Colossians</long>
      <short>Colossians</short>
      <abbr>Colossians</abbr>
    </book>
    <book code="1TH">
      <long>Paul’s First Letter to the Thessalonians</long>
      <short>1 Thessalonians</short>
      <abbr>1 Thessalonians</abbr>
    </book>
    <book code="2TH">
      <long>Paul’s Second Letter to the Thessalonians</long>
      <short>2 Thessalonians</short>
      <abbr>2 Thessalonians</abbr>
    </book>
    <book code="1TI">
      <long>Paul’s First Letter to Timothy</long>
      <short>1 Timothy</short>
      <abbr>1 Timothy</abbr>
    </book>
    <book code="2TI">
      <long>Paul’s Second Letter to Timothy</long>
      <short>2 Timothy</short>
      <abbr>2 Timothy</abbr>
    </book>
    <book code="TIT">
      <long>Paul’s Letter to Titus</long>
      <short>Titus</short>
      <abbr>Titus</abbr>
    </book>
    <book code="PHM">
      <long>Paul’s Letter to Philemon</long>
      <short>Philemon</short>
      <abbr>Philemon</abbr>
    </book>
    <book code="HEB">
      <long>The Letter to the Hebrews</long>
      <short>Hebrews</short>
      <abbr>Hebrews</abbr>
    </book>
    <book code="JAS">
      <long>The Letter from James</long>
      <short>James</short>
      <abbr>James</abbr>
    </book>
    <book code="1PE">
      <long>Peter’s First Letter</long>
      <short>1 Peter</short>
      <abbr>1 Peter</abbr>
    </book>
    <book code="2PE">
      <long>Peter’s Second Letter</long>
      <short>2 Peter</short>
      <abbr>2 Peter</abbr>
    </book>
    <book code="1JN">
      <long>John’s First Letter</long>
      <short>1 John</short>
      <abbr>1 John</abbr>
    </book>
    <book code="2JN">
      <long>John’s Second Letter</long>
      <short>2 John</short>
      <abbr>2 John</abbr>
    </book>
    <book code="3JN">
      <long>John’s Third Letter</long>
      <short>3 John</short>
      <abbr>3 John</abbr>
    </book>
    <book code="JUD">
      <long>The Letter from Jude</long>
      <short>Jude</short>
      <abbr>Jude</abbr>
    </book>
    <book code="REV">
      <long>The Revelation to John</long>
      <short>Revelation</short>
      <abbr>Revelation</abbr>
    </book>
    <book code="GLO">
      <long>World English Bible Glossary</long>
      <short>Glossary</short>
      <abbr>Glo</abbr>
    </book>
  </bookNames>
  <contents>
    <bookList default="true" id="1">
      <name>World English Bible</name>
      <nameLocal>World English Bible</nameLocal>
      <abbreviation>engwebp</abbreviation>
      <abbreviationLocal>WEBP</abbreviationLocal>
      <description>common</description>
      <descriptionLocal />
      <books>
        <book code="FRT" />
        <book code="GEN" />
        <book code="EXO" />
        <book code="LEV" />
        <book code="NUM" />
        <book code="DEU" />
        <book code="JOS" />
        <book code="JDG" />
        <book code="RUT" />
        <book code="1SA" />
        <book code="2SA" />
        <book code="1KI" />
        <book code="2KI" />
        <book code="1CH" />
        <book code="2CH" />
        <book code="EZR" />
        <book code="NEH" />
        <book code="EST" />
        <book code="JOB" />
        <book code="PSA" />
        <book code="PRO" />
        <book code="ECC" />
        <book code="SNG" />
        <book code="ISA" />
        <book code="JER" />
        <book code="LAM" />
        <book code="EZK" />
        <book code="DAN" />
        <book code="HOS" />
        <book code="JOL" />
        <book code="AMO" />
        <book code="OBA" />
        <book code="JON" />
        <book code="MIC" />
        <book code="NAM" />
        <book code="HAB" />
        <book code="ZEP" />
        <book code="HAG" />
        <book code="ZEC" />
        <book code="MAL" />
        <book code="MAT" />
        <book code="MRK" />
        <book code="LUK" />
        <book code="JHN" />
        <book code="ACT" />
        <book code="ROM" />
        <book code="1CO" />
        <book code="2CO" />
        <book code="GAL" />
        <book code="EPH" />
        <book code="PHP" />
        <book code="COL" />
        <book code="1TH" />
        <book code="2TH" />
        <book code="1TI" />
        <book code="2TI" />
        <book code="TIT" />
        <book code="PHM" />
        <book code="HEB" />
        <book code="JAS" />
        <book code="1PE" />
        <book code="2PE" />
        <book code="1JN" />
        <book code="2JN" />
        <book code="3JN" />
        <book code="JUD" />
        <book code="REV" />
        <book code="GLO" />
      </books>
    </bookList>
  </contents>
  <copyright>
    <statement contentType="xhtml">
      <p>Public Domain
The World English Bible is in the Public Domain. You may copy it freely. "World English Bible" is a trademark that may only be used to refer to faithful copies of the text of the World English Bible as distributed from http://eBible.org.This public domain Bible translation is brought to you courtesy of eBible.org.
If you would like to make a donation to help keep free Bible access like this going, please visit &lt;a href="https://eBible.org/give.php"&gt;https://eBible.org/give.php&lt;/a&gt;.
</p>
    </statement>
  </copyright>
  <promotion>
    <promoVersionInfo contentType="xhtml">
      <p>Public DomainThe World English Bible is in the Public Domain. You may copy it freely. "World English Bible" is a trademark that may only be used to refer to faithful copies of the text of the World English Bible as distributed from http://eBible.org.This public domain Bible translation is brought to you courtesy of eBible.org.
If you would like to make a donation to help keep free Bible access like this going, please visit &lt;a href="https://eBible.org/give.php"&gt;https://eBible.org/give.php&lt;/a&gt;.</p>
    </promoVersionInfo>
    <promoEmail contentType="xhtml">Thank you for downloading World English Bible! Now you'll have anytime, anywhere access to God's Word on your mobile device—even if 
you're outside of service coverage or not connected to the Internet. It also means faster service whenever you read that version since it's 
stored on your device. Enjoy! This download was made possible by Public Domain. We really appreciate their passion for making the Bible available to millions of people around the world. Because of 
their generosity, people like you can open up the Bible and hear from God no matter where you are. You can learn more about them at http://eBible.org.</promoEmail>
  </promotion>
  <archiveStatus>
    <archivistName />
    <dateArchived />
    <dateUpdated />
    <comments />
  </archiveStatus>
  <format>text/xml</format>
</DBLMetadata>