﻿<?xml version="1.0" encoding="utf-8"?>
<vernacularParms>
  <scriptureBook ubsAbbreviation="FRT" parm="vernacularFullName">Preface</scriptureBook>
  <scriptureBook ubsAbbreviation="GEN" parm="vernacularFullName">The First Book of Moses, Commonly Called Genesis</scriptureBook>
  <scriptureBook ubsAbbreviation="EXO" parm="vernacularFullName">The Second Book of Mosis, Commonly Called Exodus</scriptureBook>
  <scriptureBook ubsAbbreviation="LEV" parm="vernacularFullName">The Third Book of Mosis, Commonly Called Leviticus</scriptureBook>
  <scriptureBook ubsAbbreviation="NUM" parm="vernacularFullName">The Fourth Book of Moses, Commonly Called Numbers</scriptureBook>
  <scriptureBook ubsAbbreviation="DEU" parm="vernacularFullName">The Fifth Book of Moses, Commonly Called Deuteronomy</scriptureBook>
  <scriptureBook ubsAbbreviation="JOS" parm="vernacularFullName">The Book of Joshua</scriptureBook>
  <scriptureBook ubsAbbreviation="JDG" parm="vernacularFullName">The Book of Judges</scriptureBook>
  <scriptureBook ubsAbbreviation="RUT" parm="vernacularFullName">The Book of Ruth</scriptureBook>
  <scriptureBook ubsAbbreviation="1SA" parm="vernacularFullName">The First Book of Samuel</scriptureBook>
  <scriptureBook ubsAbbreviation="2SA" parm="vernacularFullName">The Second Book of Samuel</scriptureBook>
  <scriptureBook ubsAbbreviation="1KI" parm="vernacularFullName">The First Book of Kings</scriptureBook>
  <scriptureBook ubsAbbreviation="2KI" parm="vernacularFullName">The Second Book of Kings</scriptureBook>
  <scriptureBook ubsAbbreviation="1CH" parm="vernacularFullName">The First Book of Chronicles</scriptureBook>
  <scriptureBook ubsAbbreviation="2CH" parm="vernacularFullName">The Second Book of Chronicles</scriptureBook>
  <scriptureBook ubsAbbreviation="EZR" parm="vernacularFullName">The Book of Ezra</scriptureBook>
  <scriptureBook ubsAbbreviation="NEH" parm="vernacularFullName">The Book of Nehemiah</scriptureBook>
  <scriptureBook ubsAbbreviation="EST" parm="vernacularFullName">The Book of Esther</scriptureBook>
  <scriptureBook ubsAbbreviation="JOB" parm="vernacularFullName">The Book of Job</scriptureBook>
  <scriptureBook ubsAbbreviation="PSA" parm="vernacularFullName">The Psalms</scriptureBook>
  <scriptureBook ubsAbbreviation="PRO" parm="vernacularFullName">The Proverbs</scriptureBook>
  <scriptureBook ubsAbbreviation="ECC" parm="vernacularFullName">Ecclesiates or, The Preacher</scriptureBook>
  <scriptureBook ubsAbbreviation="SNG" parm="vernacularFullName">The Song of Solomon</scriptureBook>
  <scriptureBook ubsAbbreviation="ISA" parm="vernacularFullName">The Book of Isaiah</scriptureBook>
  <scriptureBook ubsAbbreviation="JER" parm="vernacularFullName">The Book of Jeremiah</scriptureBook>
  <scriptureBook ubsAbbreviation="LAM" parm="vernacularFullName">The Lamentations of Jeremiah</scriptureBook>
  <scriptureBook ubsAbbreviation="EZK" parm="vernacularFullName">The Book of Ezekiel</scriptureBook>
  <scriptureBook ubsAbbreviation="DAN" parm="vernacularFullName">The Book of Daniel</scriptureBook>
  <scriptureBook ubsAbbreviation="HOS" parm="vernacularFullName">The Book of Hosea</scriptureBook>
  <scriptureBook ubsAbbreviation="JOL" parm="vernacularFullName">The Book of Joel</scriptureBook>
  <scriptureBook ubsAbbreviation="AMO" parm="vernacularFullName">The Book of Amos</scriptureBook>
  <scriptureBook ubsAbbreviation="OBA" parm="vernacularFullName">The Book of Obadiah</scriptureBook>
  <scriptureBook ubsAbbreviation="JON" parm="vernacularFullName">The Book of Jonah</scriptureBook>
  <scriptureBook ubsAbbreviation="MIC" parm="vernacularFullName">The Book of Micah</scriptureBook>
  <scriptureBook ubsAbbreviation="NAM" parm="vernacularFullName">The Book of Nahum</scriptureBook>
  <scriptureBook ubsAbbreviation="HAB" parm="vernacularFullName">The Book of Habakkuk</scriptureBook>
  <scriptureBook ubsAbbreviation="ZEP" parm="vernacularFullName">The Book of Zephaniah</scriptureBook>
  <scriptureBook ubsAbbreviation="HAG" parm="vernacularFullName">The Book of Haggai</scriptureBook>
  <scriptureBook ubsAbbreviation="ZEC" parm="vernacularFullName">The Book of Zechariah</scriptureBook>
  <scriptureBook ubsAbbreviation="MAL" parm="vernacularFullName">The Book of Malachi</scriptureBook>
  <scriptureBook ubsAbbreviation="MAT" parm="vernacularFullName">The Good News According to Matthew</scriptureBook>
  <scriptureBook ubsAbbreviation="MRK" parm="vernacularFullName">The Good News According to Mark</scriptureBook>
  <scriptureBook ubsAbbreviation="LUK" parm="vernacularFullName">The Good News According to Luke</scriptureBook>
  <scriptureBook ubsAbbreviation="JHN" parm="vernacularFullName">The Good News According to John</scriptureBook>
  <scriptureBook ubsAbbreviation="ACT" parm="vernacularFullName">The Acts of the Apostles</scriptureBook>
  <scriptureBook ubsAbbreviation="ROM" parm="vernacularFullName">Paul’s Letter to the Romans</scriptureBook>
  <scriptureBook ubsAbbreviation="1CO" parm="vernacularFullName">Paul’s First Letter to the Corinthians</scriptureBook>
  <scriptureBook ubsAbbreviation="2CO" parm="vernacularFullName">Paul’s Second Letter to the Corinthians</scriptureBook>
  <scriptureBook ubsAbbreviation="GAL" parm="vernacularFullName">Paul’s Letter to the Galatians</scriptureBook>
  <scriptureBook ubsAbbreviation="EPH" parm="vernacularFullName">Paul’s Letter to the Ephesians</scriptureBook>
  <scriptureBook ubsAbbreviation="PHP" parm="vernacularFullName">Paul’s Letter to the Philippians</scriptureBook>
  <scriptureBook ubsAbbreviation="COL" parm="vernacularFullName">Paul’s Letter to the Colossians</scriptureBook>
  <scriptureBook ubsAbbreviation="1TH" parm="vernacularFullName">Paul’s First Letter to the Thessalonians</scriptureBook>
  <scriptureBook ubsAbbreviation="2TH" parm="vernacularFullName">Paul’s Second Letter to the Thessalonians</scriptureBook>
  <scriptureBook ubsAbbreviation="1TI" parm="vernacularFullName">Paul’s First Letter to Timothy</scriptureBook>
  <scriptureBook ubsAbbreviation="2TI" parm="vernacularFullName">Paul’s Second Letter to Timothy</scriptureBook>
  <scriptureBook ubsAbbreviation="TIT" parm="vernacularFullName">Paul’s Letter to Titus</scriptureBook>
  <scriptureBook ubsAbbreviation="PHM" parm="vernacularFullName">Paul’s Letter to Philemon</scriptureBook>
  <scriptureBook ubsAbbreviation="HEB" parm="vernacularFullName">The Letter to the Hebrews</scriptureBook>
  <scriptureBook ubsAbbreviation="JAS" parm="vernacularFullName">The Letter from James</scriptureBook>
  <scriptureBook ubsAbbreviation="1PE" parm="vernacularFullName">Peter’s First Letter</scriptureBook>
  <scriptureBook ubsAbbreviation="2PE" parm="vernacularFullName">Peter’s Second Letter</scriptureBook>
  <scriptureBook ubsAbbreviation="1JN" parm="vernacularFullName">John’s First Letter</scriptureBook>
  <scriptureBook ubsAbbreviation="2JN" parm="vernacularFullName">John’s Second Letter</scriptureBook>
  <scriptureBook ubsAbbreviation="3JN" parm="vernacularFullName">John’s Third Letter</scriptureBook>
  <scriptureBook ubsAbbreviation="JUD" parm="vernacularFullName">The Letter from Jude</scriptureBook>
  <scriptureBook ubsAbbreviation="REV" parm="vernacularFullName">The Revelation to John</scriptureBook>
  <scriptureBook ubsAbbreviation="GLO" parm="vernacularFullName">World English Bible Glossary</scriptureBook>
  <scriptureBook ubsAbbreviation="FRT" parm="vernacularAbbreviatedName">Preface</scriptureBook>
  <scriptureBook ubsAbbreviation="GEN" parm="vernacularAbbreviatedName">Genesis</scriptureBook>
  <scriptureBook ubsAbbreviation="EXO" parm="vernacularAbbreviatedName">Exodus</scriptureBook>
  <scriptureBook ubsAbbreviation="LEV" parm="vernacularAbbreviatedName">Leviticus</scriptureBook>
  <scriptureBook ubsAbbreviation="NUM" parm="vernacularAbbreviatedName">Numbers</scriptureBook>
  <scriptureBook ubsAbbreviation="DEU" parm="vernacularAbbreviatedName">Deuteronomy</scriptureBook>
  <scriptureBook ubsAbbreviation="JOS" parm="vernacularAbbreviatedName">Joshua</scriptureBook>
  <scriptureBook ubsAbbreviation="JDG" parm="vernacularAbbreviatedName">Judges</scriptureBook>
  <scriptureBook ubsAbbreviation="RUT" parm="vernacularAbbreviatedName">Ruth</scriptureBook>
  <scriptureBook ubsAbbreviation="1SA" parm="vernacularAbbreviatedName">1 Samuel</scriptureBook>
  <scriptureBook ubsAbbreviation="2SA" parm="vernacularAbbreviatedName">2 Samuel</scriptureBook>
  <scriptureBook ubsAbbreviation="1KI" parm="vernacularAbbreviatedName">1 Kings</scriptureBook>
  <scriptureBook ubsAbbreviation="2KI" parm="vernacularAbbreviatedName">2 Kings</scriptureBook>
  <scriptureBook ubsAbbreviation="1CH" parm="vernacularAbbreviatedName">1 Chronicles</scriptureBook>
  <scriptureBook ubsAbbreviation="2CH" parm="vernacularAbbreviatedName">2 Chronicles</scriptureBook>
  <scriptureBook ubsAbbreviation="EZR" parm="vernacularAbbreviatedName">Ezra</scriptureBook>
  <scriptureBook ubsAbbreviation="NEH" parm="vernacularAbbreviatedName">Nehemiah</scriptureBook>
  <scriptureBook ubsAbbreviation="EST" parm="vernacularAbbreviatedName">Esther</scriptureBook>
  <scriptureBook ubsAbbreviation="JOB" parm="vernacularAbbreviatedName">Job</scriptureBook>
  <scriptureBook ubsAbbreviation="PSA" parm="vernacularAbbreviatedName">Psalms</scriptureBook>
  <scriptureBook ubsAbbreviation="PRO" parm="vernacularAbbreviatedName">Proverbs</scriptureBook>
  <scriptureBook ubsAbbreviation="ECC" parm="vernacularAbbreviatedName">Ecclesiastes</scriptureBook>
  <scriptureBook ubsAbbreviation="SNG" parm="vernacularAbbreviatedName">Song of Solomon</scriptureBook>
  <scriptureBook ubsAbbreviation="ISA" parm="vernacularAbbreviatedName">Isaiah</scriptureBook>
  <scriptureBook ubsAbbreviation="JER" parm="vernacularAbbreviatedName">Jeremiah</scriptureBook>
  <scriptureBook ubsAbbreviation="LAM" parm="vernacularAbbreviatedName">Lamentations</scriptureBook>
  <scriptureBook ubsAbbreviation="EZK" parm="vernacularAbbreviatedName">Ezekiel</scriptureBook>
  <scriptureBook ubsAbbreviation="DAN" parm="vernacularAbbreviatedName">Daniel</scriptureBook>
  <scriptureBook ubsAbbreviation="HOS" parm="vernacularAbbreviatedName">Hosea</scriptureBook>
  <scriptureBook ubsAbbreviation="JOL" parm="vernacularAbbreviatedName">Joel</scriptureBook>
  <scriptureBook ubsAbbreviation="AMO" parm="vernacularAbbreviatedName">Amos</scriptureBook>
  <scriptureBook ubsAbbreviation="OBA" parm="vernacularAbbreviatedName">Obadiah</scriptureBook>
  <scriptureBook ubsAbbreviation="JON" parm="vernacularAbbreviatedName">Jonah</scriptureBook>
  <scriptureBook ubsAbbreviation="MIC" parm="vernacularAbbreviatedName">Micah</scriptureBook>
  <scriptureBook ubsAbbreviation="NAM" parm="vernacularAbbreviatedName">Nahum</scriptureBook>
  <scriptureBook ubsAbbreviation="HAB" parm="vernacularAbbreviatedName">Habakkuk</scriptureBook>
  <scriptureBook ubsAbbreviation="ZEP" parm="vernacularAbbreviatedName">Zephaniah</scriptureBook>
  <scriptureBook ubsAbbreviation="HAG" parm="vernacularAbbreviatedName">Haggai</scriptureBook>
  <scriptureBook ubsAbbreviation="ZEC" parm="vernacularAbbreviatedName">Zechariah</scriptureBook>
  <scriptureBook ubsAbbreviation="MAL" parm="vernacularAbbreviatedName">Malachi</scriptureBook>
  <scriptureBook ubsAbbreviation="MAT" parm="vernacularAbbreviatedName">Matthew</scriptureBook>
  <scriptureBook ubsAbbreviation="MRK" parm="vernacularAbbreviatedName">Mark</scriptureBook>
  <scriptureBook ubsAbbreviation="LUK" parm="vernacularAbbreviatedName">Luke</scriptureBook>
  <scriptureBook ubsAbbreviation="JHN" parm="vernacularAbbreviatedName">John</scriptureBook>
  <scriptureBook ubsAbbreviation="ACT" parm="vernacularAbbreviatedName">Acts</scriptureBook>
  <scriptureBook ubsAbbreviation="ROM" parm="vernacularAbbreviatedName">Romans</scriptureBook>
  <scriptureBook ubsAbbreviation="1CO" parm="vernacularAbbreviatedName">1 Corinthians</scriptureBook>
  <scriptureBook ubsAbbreviation="2CO" parm="vernacularAbbreviatedName">2 Corinthians</scriptureBook>
  <scriptureBook ubsAbbreviation="GAL" parm="vernacularAbbreviatedName">Galatians</scriptureBook>
  <scriptureBook ubsAbbreviation="EPH" parm="vernacularAbbreviatedName">Ephesians</scriptureBook>
  <scriptureBook ubsAbbreviation="PHP" parm="vernacularAbbreviatedName">Philippians</scriptureBook>
  <scriptureBook ubsAbbreviation="COL" parm="vernacularAbbreviatedName">Colossians</scriptureBook>
  <scriptureBook ubsAbbreviation="1TH" parm="vernacularAbbreviatedName">1 Thessalonians</scriptureBook>
  <scriptureBook ubsAbbreviation="2TH" parm="vernacularAbbreviatedName">2 Thessalonians</scriptureBook>
  <scriptureBook ubsAbbreviation="1TI" parm="vernacularAbbreviatedName">1 Timothy</scriptureBook>
  <scriptureBook ubsAbbreviation="2TI" parm="vernacularAbbreviatedName">2 Timothy</scriptureBook>
  <scriptureBook ubsAbbreviation="TIT" parm="vernacularAbbreviatedName">Titus</scriptureBook>
  <scriptureBook ubsAbbreviation="PHM" parm="vernacularAbbreviatedName">Philemon</scriptureBook>
  <scriptureBook ubsAbbreviation="HEB" parm="vernacularAbbreviatedName">Hebrews</scriptureBook>
  <scriptureBook ubsAbbreviation="JAS" parm="vernacularAbbreviatedName">James</scriptureBook>
  <scriptureBook ubsAbbreviation="1PE" parm="vernacularAbbreviatedName">1 Peter</scriptureBook>
  <scriptureBook ubsAbbreviation="2PE" parm="vernacularAbbreviatedName">2 Peter</scriptureBook>
  <scriptureBook ubsAbbreviation="1JN" parm="vernacularAbbreviatedName">1 John</scriptureBook>
  <scriptureBook ubsAbbreviation="2JN" parm="vernacularAbbreviatedName">2 John</scriptureBook>
  <scriptureBook ubsAbbreviation="3JN" parm="vernacularAbbreviatedName">3 John</scriptureBook>
  <scriptureBook ubsAbbreviation="JUD" parm="vernacularAbbreviatedName">Jude</scriptureBook>
  <scriptureBook ubsAbbreviation="REV" parm="vernacularAbbreviatedName">Revelation</scriptureBook>
  <scriptureBook ubsAbbreviation="GLO" parm="vernacularAbbreviatedName">Glossary</scriptureBook>
  <scriptureBook ubsAbbreviation="FRT" parm="vernacularBookAbbreviation">Pre</scriptureBook>
  <scriptureBook ubsAbbreviation="GEN" parm="vernacularBookAbbreviation">Genesis</scriptureBook>
  <scriptureBook ubsAbbreviation="EXO" parm="vernacularBookAbbreviation">Exodus</scriptureBook>
  <scriptureBook ubsAbbreviation="LEV" parm="vernacularBookAbbreviation">Leviticus</scriptureBook>
  <scriptureBook ubsAbbreviation="NUM" parm="vernacularBookAbbreviation">Numbers</scriptureBook>
  <scriptureBook ubsAbbreviation="DEU" parm="vernacularBookAbbreviation">Deuteronomy</scriptureBook>
  <scriptureBook ubsAbbreviation="JOS" parm="vernacularBookAbbreviation">Joshua</scriptureBook>
  <scriptureBook ubsAbbreviation="JDG" parm="vernacularBookAbbreviation">Judges</scriptureBook>
  <scriptureBook ubsAbbreviation="RUT" parm="vernacularBookAbbreviation">Ruth</scriptureBook>
  <scriptureBook ubsAbbreviation="1SA" parm="vernacularBookAbbreviation">1 Samuel</scriptureBook>
  <scriptureBook ubsAbbreviation="2SA" parm="vernacularBookAbbreviation">2 Samuel</scriptureBook>
  <scriptureBook ubsAbbreviation="1KI" parm="vernacularBookAbbreviation">1 Kings</scriptureBook>
  <scriptureBook ubsAbbreviation="2KI" parm="vernacularBookAbbreviation">2 Kings</scriptureBook>
  <scriptureBook ubsAbbreviation="1CH" parm="vernacularBookAbbreviation">1 Chronicles</scriptureBook>
  <scriptureBook ubsAbbreviation="2CH" parm="vernacularBookAbbreviation">2 Chronicles</scriptureBook>
  <scriptureBook ubsAbbreviation="EZR" parm="vernacularBookAbbreviation">Ezra</scriptureBook>
  <scriptureBook ubsAbbreviation="NEH" parm="vernacularBookAbbreviation">Nehemiah</scriptureBook>
  <scriptureBook ubsAbbreviation="EST" parm="vernacularBookAbbreviation">Esther</scriptureBook>
  <scriptureBook ubsAbbreviation="JOB" parm="vernacularBookAbbreviation">Job</scriptureBook>
  <scriptureBook ubsAbbreviation="PSA" parm="vernacularBookAbbreviation">Psalm</scriptureBook>
  <scriptureBook ubsAbbreviation="PRO" parm="vernacularBookAbbreviation">Proverbs</scriptureBook>
  <scriptureBook ubsAbbreviation="ECC" parm="vernacularBookAbbreviation">Ecclesiastes</scriptureBook>
  <scriptureBook ubsAbbreviation="SNG" parm="vernacularBookAbbreviation">Song of Solomon</scriptureBook>
  <scriptureBook ubsAbbreviation="ISA" parm="vernacularBookAbbreviation">Isaiah</scriptureBook>
  <scriptureBook ubsAbbreviation="JER" parm="vernacularBookAbbreviation">Jeremiah</scriptureBook>
  <scriptureBook ubsAbbreviation="LAM" parm="vernacularBookAbbreviation">Lamentations</scriptureBook>
  <scriptureBook ubsAbbreviation="EZK" parm="vernacularBookAbbreviation">Ezekiel</scriptureBook>
  <scriptureBook ubsAbbreviation="DAN" parm="vernacularBookAbbreviation">Daniel</scriptureBook>
  <scriptureBook ubsAbbreviation="HOS" parm="vernacularBookAbbreviation">Hosea</scriptureBook>
  <scriptureBook ubsAbbreviation="JOL" parm="vernacularBookAbbreviation">Joel</scriptureBook>
  <scriptureBook ubsAbbreviation="AMO" parm="vernacularBookAbbreviation">Amos</scriptureBook>
  <scriptureBook ubsAbbreviation="OBA" parm="vernacularBookAbbreviation">Obadiah</scriptureBook>
  <scriptureBook ubsAbbreviation="JON" parm="vernacularBookAbbreviation">Jonah</scriptureBook>
  <scriptureBook ubsAbbreviation="MIC" parm="vernacularBookAbbreviation">Micah</scriptureBook>
  <scriptureBook ubsAbbreviation="NAM" parm="vernacularBookAbbreviation">Nahum</scriptureBook>
  <scriptureBook ubsAbbreviation="HAB" parm="vernacularBookAbbreviation">Habakkuk</scriptureBook>
  <scriptureBook ubsAbbreviation="ZEP" parm="vernacularBookAbbreviation">Zephaniah</scriptureBook>
  <scriptureBook ubsAbbreviation="HAG" parm="vernacularBookAbbreviation">Haggai</scriptureBook>
  <scriptureBook ubsAbbreviation="ZEC" parm="vernacularBookAbbreviation">Zechariah</scriptureBook>
  <scriptureBook ubsAbbreviation="MAL" parm="vernacularBookAbbreviation">Malachi</scriptureBook>
  <scriptureBook ubsAbbreviation="MAT" parm="vernacularBookAbbreviation">Matthew</scriptureBook>
  <scriptureBook ubsAbbreviation="MRK" parm="vernacularBookAbbreviation">Mark</scriptureBook>
  <scriptureBook ubsAbbreviation="LUK" parm="vernacularBookAbbreviation">Luke</scriptureBook>
  <scriptureBook ubsAbbreviation="JHN" parm="vernacularBookAbbreviation">John</scriptureBook>
  <scriptureBook ubsAbbreviation="ACT" parm="vernacularBookAbbreviation">Acts</scriptureBook>
  <scriptureBook ubsAbbreviation="ROM" parm="vernacularBookAbbreviation">Romans</scriptureBook>
  <scriptureBook ubsAbbreviation="1CO" parm="vernacularBookAbbreviation">1 Corinthians</scriptureBook>
  <scriptureBook ubsAbbreviation="2CO" parm="vernacularBookAbbreviation">2 Corinthians</scriptureBook>
  <scriptureBook ubsAbbreviation="GAL" parm="vernacularBookAbbreviation">Galatians</scriptureBook>
  <scriptureBook ubsAbbreviation="EPH" parm="vernacularBookAbbreviation">Ephesians</scriptureBook>
  <scriptureBook ubsAbbreviation="PHP" parm="vernacularBookAbbreviation">Philippians</scriptureBook>
  <scriptureBook ubsAbbreviation="COL" parm="vernacularBookAbbreviation">Colossians</scriptureBook>
  <scriptureBook ubsAbbreviation="1TH" parm="vernacularBookAbbreviation">1 Thessalonians</scriptureBook>
  <scriptureBook ubsAbbreviation="2TH" parm="vernacularBookAbbreviation">2 Thessalonians</scriptureBook>
  <scriptureBook ubsAbbreviation="1TI" parm="vernacularBookAbbreviation">1 Timothy</scriptureBook>
  <scriptureBook ubsAbbreviation="2TI" parm="vernacularBookAbbreviation">2 Timothy</scriptureBook>
  <scriptureBook ubsAbbreviation="TIT" parm="vernacularBookAbbreviation">Titus</scriptureBook>
  <scriptureBook ubsAbbreviation="PHM" parm="vernacularBookAbbreviation">Philemon</scriptureBook>
  <scriptureBook ubsAbbreviation="HEB" parm="vernacularBookAbbreviation">Hebrews</scriptureBook>
  <scriptureBook ubsAbbreviation="JAS" parm="vernacularBookAbbreviation">James</scriptureBook>
  <scriptureBook ubsAbbreviation="1PE" parm="vernacularBookAbbreviation">1 Peter</scriptureBook>
  <scriptureBook ubsAbbreviation="2PE" parm="vernacularBookAbbreviation">2 Peter</scriptureBook>
  <scriptureBook ubsAbbreviation="1JN" parm="vernacularBookAbbreviation">1 John</scriptureBook>
  <scriptureBook ubsAbbreviation="2JN" parm="vernacularBookAbbreviation">2 John</scriptureBook>
  <scriptureBook ubsAbbreviation="3JN" parm="vernacularBookAbbreviation">3 John</scriptureBook>
  <scriptureBook ubsAbbreviation="JUD" parm="vernacularBookAbbreviation">Jude</scriptureBook>
  <scriptureBook ubsAbbreviation="REV" parm="vernacularBookAbbreviation">Revelation</scriptureBook>
  <scriptureBook ubsAbbreviation="GLO" parm="vernacularBookAbbreviation">Glo</scriptureBook>
  <dcMeta xmlns:xsi="http://www.w3.org/2001/XMLSchema-instance" xsi:schemaLocation="http://dublincore.org/schemas/xmls/qdc/2008/02/11/dc.xsd" xmlns:dc="http://purl.org/dc/elements/1.1/">
    <dc:creator>Michael Paul Johnson and many others</dc:creator>
    <dc:contributor />
    <dc:title>World English Bible</dc:title>
    <dc:description>The World English Bible is a Public Domain translation of the Holy Bible into modern English.</dc:description>
    <dc:date>2023-06-17</dc:date>
    <dc:format>digital</dc:format>
    <dc:language>eng</dc:language>
    <dc:publisher>eBible.org</dc:publisher>
    <dc:rights>Public DomainThe World English Bible is in the Public Domain. You may copy it freely. "World English Bible" is a trademark that may only be used to refer to faithful copies of the text of the World English Bible as distributed from http://eBible.org.This public domain Bible translation is brought to you courtesy of eBible.org.
If you would like to make a donation to help keep free Bible access like this going, please visit &lt;a href="https://eBible.org/give.php"&gt;https://eBible.org/give.php&lt;/a&gt;.</dc:rights>
    <dc:identifier />
    <dc:type />
  </dcMeta>
  <numberSystem>Default</numberSystem>
  <chapterAndVerseSeparator>:</chapterAndVerseSeparator>
  <rangeSeparator>-</rangeSeparator>
  <multiRefSameChapterSeparator>,</multiRefSameChapterSeparator>
  <multiRefDifferentChapterSeparator>–</multiRefDifferentChapterSeparator>
  <verseNumberLocation>Begin</verseNumberLocation>
  <footnoteMarkerStyle>Circulate</footnoteMarkerStyle>
  <footnoteMarkerResetAt>Book</footnoteMarkerResetAt>
  <footnoteMarkers>† ‡ §</footnoteMarkers>
  <BookSourceForMarkerXt>Abbreviation</BookSourceForMarkerXt>
  <BookSourceForMarkerR>ShortName</BookSourceForMarkerR>
  <iso>eng</iso>
  <isoVariant>American</isoVariant>
  <langName>English</langName>
  <textDir>ltr</textDir>
  <hasNotes>True</hasNotes>
  <coverTitle>World English Bible</coverTitle>
</vernacularParms>