﻿<?xml version="1.0" encoding="utf-8"?>
<BookNames>
  <book code="GEN" abbr="Gen" short="Genesis" long="The First Book of Moses, Commonly Called Genesis" alt="" />
  <book code="EXO" abbr="Exo" short="Exodus" long="The Second Book of Moses, Commonly Called Exodus" alt="" />
  <book code="LEV" abbr="Lev" short="Leviticus" long="The Third Book of Moses, Commonly Called Leviticus" alt="" />
  <book code="NUM" abbr="Num" short="Numbers" long="The Fourth Book of Moses, Commonly Called Numbers" alt="" />
  <book code="DEU" abbr="Deu" short="Deuteronomy" long="The Fifth Book of Moses, Commonly Called Deuteronomy" alt="" />
  <book code="JOS" abbr="Jos" short="Joshua" long="The Book of Joshua" alt="" />
  <book code="JDG" abbr="Jdg" short="Judges" long="The Book of Judges" alt="" />
  <book code="RUT" abbr="Rut" short="Ruth" long="The Book of Ruth" alt="" />
  <book code="1SA" abbr="1Sa" short="1 Samuel" long="The First Book of Samuel" alt="" />
  <book code="2SA" abbr="2Sa" short="2 Samuel" long="The Second Book of Samuel" alt="" />
  <book code="1KI" abbr="1Ki" short="1 Kings" long="The First Book of Kings" alt="" />
  <book code="2KI" abbr="2Ki" short="2 Kings" long="The Second Book of Kings" alt="" />
  <book code="1CH" abbr="1Ch" short="1 Chronicles" long="The First Book of Chronicles" alt="" />
  <book code="2CH" abbr="2Ch" short="2 Chronicles" long="The Second Book of Chronicles" alt="" />
  <book code="EZR" abbr="Ezr" short="Ezra" long="The Book of Ezra" alt="" />
  <book code="NEH" abbr="Neh" short="Nehemiah" long="The Book of Nehemiah" alt="" />
  <book code="EST" abbr="Est" short="Esther" long="The Book of Esther" alt="" />
  <book code="JOB" abbr="Job" short="Job" long="The Book of Job" alt="" />
  <book code="PSA" abbr="Psa" short="Psalms" long="The Psalms" alt="" />
  <book code="PRO" abbr="Pro" short="Proverbs" long="The Proverbs" alt="" />
  <book code="ECC" abbr="Ecc" short="Ecclesiastes" long="Ecclesiates or, The Preacher" alt="" />
  <book code="SNG" abbr="Sng" short="Song of Solomon" long="The Song of Solomon" alt="" />
  <book code="ISA" abbr="Isa" short="Isaiah" long="The Book of the Prophet Isaiah" alt="" />
  <book code="JER" abbr="Jer" short="Jeremiah" long="The Book of the Prophet Jeremiah" alt="" />
  <book code="LAM" abbr="Lam" short="Lamentations" long="The Lamentations of Jeremiah" alt="" />
  <book code="EZK" abbr="Ezk" short="Ezekiel" long="The Book of Ezekiel" alt="" />
  <book code="DAN" abbr="Dan" short="Daniel" long="The Book of Daniel" alt="" />
  <book code="HOS" abbr="Hos" short="Hosea" long="The Book of Hosea" alt="" />
  <book code="JOL" abbr="Jol" short="Joel" long="The Book of Joel" alt="" />
  <book code="AMO" abbr="Amo" short="Amos" long="The Book of Amos" alt="" />
  <book code="OBA" abbr="Oba" short="Obadiah" long="The Book of Obadiah" alt="" />
  <book code="JON" abbr="Jon" short="Jonah" long="The Book of Jonah" alt="" />
  <book code="MIC" abbr="Mic" short="Micah" long="The Book of Micah" alt="" />
  <book code="NAM" abbr="Nam" short="Nahum" long="The Book of Nahum" alt="" />
  <book code="HAB" abbr="Hab" short="Habakkuk" long="The Book of Habakkuk" alt="" />
  <book code="ZEP" abbr="Zep" short="Zephaniah" long="The Book of Zephaniah" alt="" />
  <book code="HAG" abbr="Hag" short="Haggai" long="The Book of Haggai" alt="" />
  <book code="ZEC" abbr="Zec" short="Zechariah" long="The Book of Zechariah" alt="" />
  <book code="MAL" abbr="Mal" short="Malachi" long="The Book of Malachi" alt="" />
  <book code="TOB" abbr="Tob" short="Tobit" long="Tobit" alt="" />
  <book code="JDT" abbr="Jdt" short="Judith" long="Judith" alt="" />
  <book code="WIS" abbr="Wis" short="Wisdom of Solomon" long="The Wisdom of Solomon" alt="" />
  <book code="SIR" abbr="Sir" short="Sirach" long="The Wisdom of Jesus the Son of Sirach, or Ecclesiasticus" alt="" />
  <book code="BAR" abbr="Bar" short="Baruch" long="Baruch" alt="" />
  <book code="1MA" abbr="1Ma" short="1 Maccabees" long="The First Book of the Maccabees" alt="" />
  <book code="2MA" abbr="2Ma" short="2 Maccabees" long="The Second Book of the Maccabees" alt="" />
  <book code="MAT" abbr="Mat" short="Matthew" long="The Good News According to Matthew" alt="" />
  <book code="MRK" abbr="Mrk" short="Mark" long="The Good News According to Mark" alt="" />
  <book code="LUK" abbr="Luk" short="Luke" long="The Good News According to Luke" alt="" />
  <book code="JHN" abbr="Jhn" short="John" long="The Good News According to John" alt="" />
  <book code="ACT" abbr="Act" short="Acts" long="The Acts of the Apostles" alt="" />
  <book code="ROM" abbr="Rom" short="Romans" long="Paul’s Letter to the Romans" alt="" />
  <book code="1CO" abbr="1Co" short="1 Corinthians" long="Paul’s First Letter to the Corinthians" alt="" />
  <book code="2CO" abbr="2Co" short="2 Corinthians" long="Paul’s Second Letter to the Corinthians" alt="" />
  <book code="GAL" abbr="Gal" short="Galatians" long="Paul’s Letter to the Galatians" alt="" />
  <book code="EPH" abbr="Eph" short="Ephesians" long="Paul’s Letter to the Ephesians" alt="" />
  <book code="PHP" abbr="Php" short="Philippians" long="Paul’s Letter to the Philippians" alt="" />
  <book code="COL" abbr="Col" short="Colossians" long="Paul’s Letter to the Colossians" alt="" />
  <book code="1TH" abbr="1Th" short="1 Thessalonians" long="Paul’s First Letter to the Thessalonians" alt="" />
  <book code="2TH" abbr="2Th" short="2 Thessalonians" long="Paul’s Second Letter to the Thessalonians" alt="" />
  <book code="1TI" abbr="1Ti" short="1 Timothy" long="Paul’s First Letter to Timothy" alt="" />
  <book code="2TI" abbr="2Ti" short="2 Timothy" long="Paul’s Second Letter to Timothy" alt="" />
  <book code="TIT" abbr="Tit" short="Titus" long="Paul’s Letter to Titus" alt="" />
  <book code="PHM" abbr="Phm" short="Philemon" long="Paul’s Letter to Philemon" alt="" />
  <book code="HEB" abbr="Heb" short="Hebrews" long="The Letter to the Hebrews" alt="" />
  <book code="JAS" abbr="Jas" short="James" long="The Letter from James" alt="" />
  <book code="1PE" abbr="1Pe" short="1 Peter" long="Peter’s First Letter" alt="" />
  <book code="2PE" abbr="2Pe" short="2 Peter" long="Peter’s Second Letter" alt="" />
  <book code="1JN" abbr="1Jn" short="1 John" long="John’s First Letter" alt="" />
  <book code="2JN" abbr="2Jn" short="2 John" long="John’s Second Letter" alt="" />
  <book code="3JN" abbr="3Jn" short="3 John" long="John’s Third Letter" alt="" />
  <book code="JUD" abbr="Jud" short="Jude" long="The Letter from Jude" alt="" />
  <book code="REV" abbr="Rev" short="Revelation" long="The Revelation to John" alt="" />
</BookNames>