﻿<?xml version="1.0" encoding="utf-8"?>
<vernacularParms>
  <scriptureBook ubsAbbreviation="GEN" parm="vernacularFullName">The First Book of Moses, called Genesis</scriptureBook>
  <scriptureBook ubsAbbreviation="EXO" parm="vernacularFullName">The Second Book of Moses, called Exodus</scriptureBook>
  <scriptureBook ubsAbbreviation="LEV" parm="vernacularFullName">The Third Book of Moses, called Leviticus</scriptureBook>
  <scriptureBook ubsAbbreviation="NUM" parm="vernacularFullName">The Fourth Book of Moses, called Numbers</scriptureBook>
  <scriptureBook ubsAbbreviation="DEU" parm="vernacularFullName">The Fifth Book of Moses, called Deuteronomy</scriptureBook>
  <scriptureBook ubsAbbreviation="JOS" parm="vernacularFullName">The Book of Joshua</scriptureBook>
  <scriptureBook ubsAbbreviation="JDG" parm="vernacularFullName">The Book of Judges</scriptureBook>
  <scriptureBook ubsAbbreviation="RUT" parm="vernacularFullName">The Book of Ruth</scriptureBook>
  <scriptureBook ubsAbbreviation="1SA" parm="vernacularFullName">The First Book of Samuel Otherwise Called The First Book of the Kings</scriptureBook>
  <scriptureBook ubsAbbreviation="2SA" parm="vernacularFullName">The Second Book of Samuel Otherwise Called The Second Book of the Kings</scriptureBook>
  <scriptureBook ubsAbbreviation="1KI" parm="vernacularFullName">The First Book of the Kings, Commonly Called the Third Book of the Kings</scriptureBook>
  <scriptureBook ubsAbbreviation="2KI" parm="vernacularFullName">The Second Book of the Kings, Commonly Called the Fourth Book of the Kings</scriptureBook>
  <scriptureBook ubsAbbreviation="1CH" parm="vernacularFullName">The First Book of the Chronicles</scriptureBook>
  <scriptureBook ubsAbbreviation="2CH" parm="vernacularFullName">The Second Book of the Chronicles</scriptureBook>
  <scriptureBook ubsAbbreviation="EZR" parm="vernacularFullName">Ezra</scriptureBook>
  <scriptureBook ubsAbbreviation="NEH" parm="vernacularFullName">The Book of Nehemiah</scriptureBook>
  <scriptureBook ubsAbbreviation="EST" parm="vernacularFullName">The Book of Esther</scriptureBook>
  <scriptureBook ubsAbbreviation="JOB" parm="vernacularFullName">The Book of Job</scriptureBook>
  <scriptureBook ubsAbbreviation="PSA" parm="vernacularFullName">The Book of Psalms</scriptureBook>
  <scriptureBook ubsAbbreviation="PRO" parm="vernacularFullName">The Proverbs</scriptureBook>
  <scriptureBook ubsAbbreviation="ECC" parm="vernacularFullName">Ecclesiastes or, the Preacher</scriptureBook>
  <scriptureBook ubsAbbreviation="SNG" parm="vernacularFullName">The Song of Solomon</scriptureBook>
  <scriptureBook ubsAbbreviation="ISA" parm="vernacularFullName">The Book of the Prophet Isaiah</scriptureBook>
  <scriptureBook ubsAbbreviation="JER" parm="vernacularFullName">The Book of the Prophet Jeremiah</scriptureBook>
  <scriptureBook ubsAbbreviation="LAM" parm="vernacularFullName">The Lamentations of Jeremiah</scriptureBook>
  <scriptureBook ubsAbbreviation="EZK" parm="vernacularFullName">The Book of the Prophet Ezekiel</scriptureBook>
  <scriptureBook ubsAbbreviation="DAN" parm="vernacularFullName">The Book of Daniel</scriptureBook>
  <scriptureBook ubsAbbreviation="HOS" parm="vernacularFullName">Hosea</scriptureBook>
  <scriptureBook ubsAbbreviation="JOL" parm="vernacularFullName">Joel</scriptureBook>
  <scriptureBook ubsAbbreviation="AMO" parm="vernacularFullName">Amos</scriptureBook>
  <scriptureBook ubsAbbreviation="OBA" parm="vernacularFullName">Obadiah</scriptureBook>
  <scriptureBook ubsAbbreviation="JON" parm="vernacularFullName">Jonah</scriptureBook>
  <scriptureBook ubsAbbreviation="MIC" parm="vernacularFullName">Micah</scriptureBook>
  <scriptureBook ubsAbbreviation="NAM" parm="vernacularFullName">Nahum</scriptureBook>
  <scriptureBook ubsAbbreviation="HAB" parm="vernacularFullName">Habakkuk</scriptureBook>
  <scriptureBook ubsAbbreviation="ZEP" parm="vernacularFullName">Zephaniah</scriptureBook>
  <scriptureBook ubsAbbreviation="HAG" parm="vernacularFullName">Haggai</scriptureBook>
  <scriptureBook ubsAbbreviation="ZEC" parm="vernacularFullName">Zechariah</scriptureBook>
  <scriptureBook ubsAbbreviation="MAL" parm="vernacularFullName">Malachi</scriptureBook>
  <scriptureBook ubsAbbreviation="MAT" parm="vernacularFullName">THE GOSPEL ACCORDING TO ST. MATTHEW</scriptureBook>
  <scriptureBook ubsAbbreviation="MRK" parm="vernacularFullName">THE GOSPEL ACCORDING TO ST. MARK</scriptureBook>
  <scriptureBook ubsAbbreviation="LUK" parm="vernacularFullName">THE GOSPEL ACCORDING TO ST. LUKE</scriptureBook>
  <scriptureBook ubsAbbreviation="JHN" parm="vernacularFullName">THE GOSPEL ACCORDING TO ST. JOHN</scriptureBook>
  <scriptureBook ubsAbbreviation="ACT" parm="vernacularFullName">THE ACTS OF THE APOSTLES</scriptureBook>
  <scriptureBook ubsAbbreviation="ROM" parm="vernacularFullName">THE EPISTLE OF PAUL THE APOSTLE TO THE ROMANS</scriptureBook>
  <scriptureBook ubsAbbreviation="1CO" parm="vernacularFullName">THE FIRST EPISTLE OF PAUL THE APOSTLE TO THE CORINTHIANS</scriptureBook>
  <scriptureBook ubsAbbreviation="2CO" parm="vernacularFullName">THE SECOND EPISTLE OF PAUL THE APOSTLE TO THE CORINTHIANS</scriptureBook>
  <scriptureBook ubsAbbreviation="GAL" parm="vernacularFullName">THE EPISTLE OF PAUL THE APOSTLE TO THE GALATIANS</scriptureBook>
  <scriptureBook ubsAbbreviation="EPH" parm="vernacularFullName">THE EPISTLE OF PAUL THE APOSTLE TO THE EPHESIANS</scriptureBook>
  <scriptureBook ubsAbbreviation="PHP" parm="vernacularFullName">THE EPISTLE OF PAUL THE APOSTLE TO THE PHILIPPIANS</scriptureBook>
  <scriptureBook ubsAbbreviation="COL" parm="vernacularFullName">THE EPISTLE OF PAUL THE APOSTLE TO THE COLOSSIANS</scriptureBook>
  <scriptureBook ubsAbbreviation="1TH" parm="vernacularFullName">THE FIRST EPISTLE OF PAUL THE APOSTLE TO THE THESSALONIANS</scriptureBook>
  <scriptureBook ubsAbbreviation="2TH" parm="vernacularFullName">THE SECOND EPISTLE OF PAUL THE APOSTLE TO THE THESSALONIANS</scriptureBook>
  <scriptureBook ubsAbbreviation="1TI" parm="vernacularFullName">THE FIRST EPISTLE OF PAUL THE APOSTLE TO TIMOTHY</scriptureBook>
  <scriptureBook ubsAbbreviation="2TI" parm="vernacularFullName">THE SECOND EPISTLE OF PAUL THE APOSTLE TO TIMOTHY</scriptureBook>
  <scriptureBook ubsAbbreviation="TIT" parm="vernacularFullName">THE EPISTLE OF PAUL THE APOSTLE TO TITUS</scriptureBook>
  <scriptureBook ubsAbbreviation="PHM" parm="vernacularFullName">THE EPISTLE OF PAUL THE APOSTLE TO PHILEMON</scriptureBook>
  <scriptureBook ubsAbbreviation="HEB" parm="vernacularFullName">THE EPISTLE OF PAUL THE APOSTLE TO THE HEBREWS</scriptureBook>
  <scriptureBook ubsAbbreviation="JAS" parm="vernacularFullName">THE GENERAL EPISTLE OF JAMES</scriptureBook>
  <scriptureBook ubsAbbreviation="1PE" parm="vernacularFullName">THE FIRST EPISTLE GENERAL OF PETER</scriptureBook>
  <scriptureBook ubsAbbreviation="2PE" parm="vernacularFullName">THE SECOND EPISTLE GENERAL OF PETER</scriptureBook>
  <scriptureBook ubsAbbreviation="1JN" parm="vernacularFullName">THE FIRST EPISTLE GENERAL OF JOHN</scriptureBook>
  <scriptureBook ubsAbbreviation="2JN" parm="vernacularFullName">THE SECOND EPISTLE OF JOHN</scriptureBook>
  <scriptureBook ubsAbbreviation="3JN" parm="vernacularFullName">THE THIRD EPISTLE OF JOHN</scriptureBook>
  <scriptureBook ubsAbbreviation="JUD" parm="vernacularFullName">THE GENERAL EPISTLE OF JUDE</scriptureBook>
  <scriptureBook ubsAbbreviation="REV" parm="vernacularFullName">THE REVELATION OF ST. JOHN THE DIVINE</scriptureBook>
  <scriptureBook ubsAbbreviation="GEN" parm="vernacularAbbreviatedName">Genesis</scriptureBook>
  <scriptureBook ubsAbbreviation="EXO" parm="vernacularAbbreviatedName">Exodus</scriptureBook>
  <scriptureBook ubsAbbreviation="LEV" parm="vernacularAbbreviatedName">Leviticus</scriptureBook>
  <scriptureBook ubsAbbreviation="NUM" parm="vernacularAbbreviatedName">Numbers</scriptureBook>
  <scriptureBook ubsAbbreviation="DEU" parm="vernacularAbbreviatedName">Deuteronomy</scriptureBook>
  <scriptureBook ubsAbbreviation="JOS" parm="vernacularAbbreviatedName">Joshua</scriptureBook>
  <scriptureBook ubsAbbreviation="JDG" parm="vernacularAbbreviatedName">Judges</scriptureBook>
  <scriptureBook ubsAbbreviation="RUT" parm="vernacularAbbreviatedName">Ruth</scriptureBook>
  <scriptureBook ubsAbbreviation="1SA" parm="vernacularAbbreviatedName">1 Samuel</scriptureBook>
  <scriptureBook ubsAbbreviation="2SA" parm="vernacularAbbreviatedName">2 Samuel</scriptureBook>
  <scriptureBook ubsAbbreviation="1KI" parm="vernacularAbbreviatedName">1 Kings</scriptureBook>
  <scriptureBook ubsAbbreviation="2KI" parm="vernacularAbbreviatedName">2 Kings</scriptureBook>
  <scriptureBook ubsAbbreviation="1CH" parm="vernacularAbbreviatedName">1 Chronicles</scriptureBook>
  <scriptureBook ubsAbbreviation="2CH" parm="vernacularAbbreviatedName">2 Chronicles</scriptureBook>
  <scriptureBook ubsAbbreviation="EZR" parm="vernacularAbbreviatedName">Ezra</scriptureBook>
  <scriptureBook ubsAbbreviation="NEH" parm="vernacularAbbreviatedName">Nehemiah</scriptureBook>
  <scriptureBook ubsAbbreviation="EST" parm="vernacularAbbreviatedName">Esther</scriptureBook>
  <scriptureBook ubsAbbreviation="JOB" parm="vernacularAbbreviatedName">Job</scriptureBook>
  <scriptureBook ubsAbbreviation="PSA" parm="vernacularAbbreviatedName">Psalms</scriptureBook>
  <scriptureBook ubsAbbreviation="PRO" parm="vernacularAbbreviatedName">Proverbs</scriptureBook>
  <scriptureBook ubsAbbreviation="ECC" parm="vernacularAbbreviatedName">Ecclesiastes</scriptureBook>
  <scriptureBook ubsAbbreviation="SNG" parm="vernacularAbbreviatedName">Song of Solomon</scriptureBook>
  <scriptureBook ubsAbbreviation="ISA" parm="vernacularAbbreviatedName">Isaiah</scriptureBook>
  <scriptureBook ubsAbbreviation="JER" parm="vernacularAbbreviatedName">Jeremiah</scriptureBook>
  <scriptureBook ubsAbbreviation="LAM" parm="vernacularAbbreviatedName">Lamentations</scriptureBook>
  <scriptureBook ubsAbbreviation="EZK" parm="vernacularAbbreviatedName">Ezekiel</scriptureBook>
  <scriptureBook ubsAbbreviation="DAN" parm="vernacularAbbreviatedName">Daniel</scriptureBook>
  <scriptureBook ubsAbbreviation="HOS" parm="vernacularAbbreviatedName">Hosea</scriptureBook>
  <scriptureBook ubsAbbreviation="JOL" parm="vernacularAbbreviatedName">Joel</scriptureBook>
  <scriptureBook ubsAbbreviation="AMO" parm="vernacularAbbreviatedName">Amos</scriptureBook>
  <scriptureBook ubsAbbreviation="OBA" parm="vernacularAbbreviatedName">Obadiah</scriptureBook>
  <scriptureBook ubsAbbreviation="JON" parm="vernacularAbbreviatedName">Jonah</scriptureBook>
  <scriptureBook ubsAbbreviation="MIC" parm="vernacularAbbreviatedName">Micah</scriptureBook>
  <scriptureBook ubsAbbreviation="NAM" parm="vernacularAbbreviatedName">Nahum</scriptureBook>
  <scriptureBook ubsAbbreviation="HAB" parm="vernacularAbbreviatedName">Habakkuk</scriptureBook>
  <scriptureBook ubsAbbreviation="ZEP" parm="vernacularAbbreviatedName">Zephaniah</scriptureBook>
  <scriptureBook ubsAbbreviation="HAG" parm="vernacularAbbreviatedName">Haggai</scriptureBook>
  <scriptureBook ubsAbbreviation="ZEC" parm="vernacularAbbreviatedName">Zechariah</scriptureBook>
  <scriptureBook ubsAbbreviation="MAL" parm="vernacularAbbreviatedName">Malachi</scriptureBook>
  <scriptureBook ubsAbbreviation="MAT" parm="vernacularAbbreviatedName">Matthew</scriptureBook>
  <scriptureBook ubsAbbreviation="MRK" parm="vernacularAbbreviatedName">Mark</scriptureBook>
  <scriptureBook ubsAbbreviation="LUK" parm="vernacularAbbreviatedName">Luke</scriptureBook>
  <scriptureBook ubsAbbreviation="JHN" parm="vernacularAbbreviatedName">John</scriptureBook>
  <scriptureBook ubsAbbreviation="ACT" parm="vernacularAbbreviatedName">Acts</scriptureBook>
  <scriptureBook ubsAbbreviation="ROM" parm="vernacularAbbreviatedName">Romans</scriptureBook>
  <scriptureBook ubsAbbreviation="1CO" parm="vernacularAbbreviatedName">1 Corinthians</scriptureBook>
  <scriptureBook ubsAbbreviation="2CO" parm="vernacularAbbreviatedName">2 Corinthians</scriptureBook>
  <scriptureBook ubsAbbreviation="GAL" parm="vernacularAbbreviatedName">Galatians</scriptureBook>
  <scriptureBook ubsAbbreviation="EPH" parm="vernacularAbbreviatedName">Ephesians</scriptureBook>
  <scriptureBook ubsAbbreviation="PHP" parm="vernacularAbbreviatedName">Philippians</scriptureBook>
  <scriptureBook ubsAbbreviation="COL" parm="vernacularAbbreviatedName">Colossians</scriptureBook>
  <scriptureBook ubsAbbreviation="1TH" parm="vernacularAbbreviatedName">1 Thessalonians</scriptureBook>
  <scriptureBook ubsAbbreviation="2TH" parm="vernacularAbbreviatedName">2 Thessalonians</scriptureBook>
  <scriptureBook ubsAbbreviation="1TI" parm="vernacularAbbreviatedName">1 Timothy</scriptureBook>
  <scriptureBook ubsAbbreviation="2TI" parm="vernacularAbbreviatedName">2 Timothy</scriptureBook>
  <scriptureBook ubsAbbreviation="TIT" parm="vernacularAbbreviatedName">Titus</scriptureBook>
  <scriptureBook ubsAbbreviation="PHM" parm="vernacularAbbreviatedName">Philemon</scriptureBook>
  <scriptureBook ubsAbbreviation="HEB" parm="vernacularAbbreviatedName">Hebrews</scriptureBook>
  <scriptureBook ubsAbbreviation="JAS" parm="vernacularAbbreviatedName">James</scriptureBook>
  <scriptureBook ubsAbbreviation="1PE" parm="vernacularAbbreviatedName">1 Peter</scriptureBook>
  <scriptureBook ubsAbbreviation="2PE" parm="vernacularAbbreviatedName">2 Peter</scriptureBook>
  <scriptureBook ubsAbbreviation="1JN" parm="vernacularAbbreviatedName">1 John</scriptureBook>
  <scriptureBook ubsAbbreviation="2JN" parm="vernacularAbbreviatedName">2 John</scriptureBook>
  <scriptureBook ubsAbbreviation="3JN" parm="vernacularAbbreviatedName">3 John</scriptureBook>
  <scriptureBook ubsAbbreviation="JUD" parm="vernacularAbbreviatedName">Jude</scriptureBook>
  <scriptureBook ubsAbbreviation="REV" parm="vernacularAbbreviatedName">Revelation</scriptureBook>
  <scriptureBook ubsAbbreviation="GEN" parm="vernacularBookAbbreviation">Gen</scriptureBook>
  <scriptureBook ubsAbbreviation="EXO" parm="vernacularBookAbbreviation">Exo</scriptureBook>
  <scriptureBook ubsAbbreviation="LEV" parm="vernacularBookAbbreviation">Lev</scriptureBook>
  <scriptureBook ubsAbbreviation="NUM" parm="vernacularBookAbbreviation">Num</scriptureBook>
  <scriptureBook ubsAbbreviation="DEU" parm="vernacularBookAbbreviation">Deu</scriptureBook>
  <scriptureBook ubsAbbreviation="JOS" parm="vernacularBookAbbreviation">Jos</scriptureBook>
  <scriptureBook ubsAbbreviation="JDG" parm="vernacularBookAbbreviation">Jdg</scriptureBook>
  <scriptureBook ubsAbbreviation="RUT" parm="vernacularBookAbbreviation">Rut</scriptureBook>
  <scriptureBook ubsAbbreviation="1SA" parm="vernacularBookAbbreviation">1Sa</scriptureBook>
  <scriptureBook ubsAbbreviation="2SA" parm="vernacularBookAbbreviation">2Sa</scriptureBook>
  <scriptureBook ubsAbbreviation="1KI" parm="vernacularBookAbbreviation">1Ki</scriptureBook>
  <scriptureBook ubsAbbreviation="2KI" parm="vernacularBookAbbreviation">2Ki</scriptureBook>
  <scriptureBook ubsAbbreviation="1CH" parm="vernacularBookAbbreviation">1Ch</scriptureBook>
  <scriptureBook ubsAbbreviation="2CH" parm="vernacularBookAbbreviation">2Ch</scriptureBook>
  <scriptureBook ubsAbbreviation="EZR" parm="vernacularBookAbbreviation">Ezr</scriptureBook>
  <scriptureBook ubsAbbreviation="NEH" parm="vernacularBookAbbreviation">Neh</scriptureBook>
  <scriptureBook ubsAbbreviation="EST" parm="vernacularBookAbbreviation">Est</scriptureBook>
  <scriptureBook ubsAbbreviation="JOB" parm="vernacularBookAbbreviation">Job</scriptureBook>
  <scriptureBook ubsAbbreviation="PSA" parm="vernacularBookAbbreviation">Psa</scriptureBook>
  <scriptureBook ubsAbbreviation="PRO" parm="vernacularBookAbbreviation">Pro</scriptureBook>
  <scriptureBook ubsAbbreviation="ECC" parm="vernacularBookAbbreviation">Ecc</scriptureBook>
  <scriptureBook ubsAbbreviation="SNG" parm="vernacularBookAbbreviation">Sng</scriptureBook>
  <scriptureBook ubsAbbreviation="ISA" parm="vernacularBookAbbreviation">Isa</scriptureBook>
  <scriptureBook ubsAbbreviation="JER" parm="vernacularBookAbbreviation">Jer</scriptureBook>
  <scriptureBook ubsAbbreviation="LAM" parm="vernacularBookAbbreviation">Lam</scriptureBook>
  <scriptureBook ubsAbbreviation="EZK" parm="vernacularBookAbbreviation">Ezk</scriptureBook>
  <scriptureBook ubsAbbreviation="DAN" parm="vernacularBookAbbreviation">Dan</scriptureBook>
  <scriptureBook ubsAbbreviation="HOS" parm="vernacularBookAbbreviation">Hos</scriptureBook>
  <scriptureBook ubsAbbreviation="JOL" parm="vernacularBookAbbreviation">Jol</scriptureBook>
  <scriptureBook ubsAbbreviation="AMO" parm="vernacularBookAbbreviation">Amo</scriptureBook>
  <scriptureBook ubsAbbreviation="OBA" parm="vernacularBookAbbreviation">Oba</scriptureBook>
  <scriptureBook ubsAbbreviation="JON" parm="vernacularBookAbbreviation">Jon</scriptureBook>
  <scriptureBook ubsAbbreviation="MIC" parm="vernacularBookAbbreviation">Mic</scriptureBook>
  <scriptureBook ubsAbbreviation="NAM" parm="vernacularBookAbbreviation">Nam</scriptureBook>
  <scriptureBook ubsAbbreviation="HAB" parm="vernacularBookAbbreviation">Hab</scriptureBook>
  <scriptureBook ubsAbbreviation="ZEP" parm="vernacularBookAbbreviation">Zep</scriptureBook>
  <scriptureBook ubsAbbreviation="HAG" parm="vernacularBookAbbreviation">Hag</scriptureBook>
  <scriptureBook ubsAbbreviation="ZEC" parm="vernacularBookAbbreviation">Zec</scriptureBook>
  <scriptureBook ubsAbbreviation="MAL" parm="vernacularBookAbbreviation">Mal</scriptureBook>
  <scriptureBook ubsAbbreviation="MAT" parm="vernacularBookAbbreviation">Mat</scriptureBook>
  <scriptureBook ubsAbbreviation="MRK" parm="vernacularBookAbbreviation">Mrk</scriptureBook>
  <scriptureBook ubsAbbreviation="LUK" parm="vernacularBookAbbreviation">Luk</scriptureBook>
  <scriptureBook ubsAbbreviation="JHN" parm="vernacularBookAbbreviation">Jhn</scriptureBook>
  <scriptureBook ubsAbbreviation="ACT" parm="vernacularBookAbbreviation">Act</scriptureBook>
  <scriptureBook ubsAbbreviation="ROM" parm="vernacularBookAbbreviation">Rom</scriptureBook>
  <scriptureBook ubsAbbreviation="1CO" parm="vernacularBookAbbreviation">1Co</scriptureBook>
  <scriptureBook ubsAbbreviation="2CO" parm="vernacularBookAbbreviation">2Co</scriptureBook>
  <scriptureBook ubsAbbreviation="GAL" parm="vernacularBookAbbreviation">Gal</scriptureBook>
  <scriptureBook ubsAbbreviation="EPH" parm="vernacularBookAbbreviation">Eph</scriptureBook>
  <scriptureBook ubsAbbreviation="PHP" parm="vernacularBookAbbreviation">Php</scriptureBook>
  <scriptureBook ubsAbbreviation="COL" parm="vernacularBookAbbreviation">Col</scriptureBook>
  <scriptureBook ubsAbbreviation="1TH" parm="vernacularBookAbbreviation">1Th</scriptureBook>
  <scriptureBook ubsAbbreviation="2TH" parm="vernacularBookAbbreviation">2Th</scriptureBook>
  <scriptureBook ubsAbbreviation="1TI" parm="vernacularBookAbbreviation">1Ti</scriptureBook>
  <scriptureBook ubsAbbreviation="2TI" parm="vernacularBookAbbreviation">2Ti</scriptureBook>
  <scriptureBook ubsAbbreviation="TIT" parm="vernacularBookAbbreviation">Tit</scriptureBook>
  <scriptureBook ubsAbbreviation="PHM" parm="vernacularBookAbbreviation">Phm</scriptureBook>
  <scriptureBook ubsAbbreviation="HEB" parm="vernacularBookAbbreviation">Heb</scriptureBook>
  <scriptureBook ubsAbbreviation="JAS" parm="vernacularBookAbbreviation">Jas</scriptureBook>
  <scriptureBook ubsAbbreviation="1PE" parm="vernacularBookAbbreviation">1Pe</scriptureBook>
  <scriptureBook ubsAbbreviation="2PE" parm="vernacularBookAbbreviation">2Pe</scriptureBook>
  <scriptureBook ubsAbbreviation="1JN" parm="vernacularBookAbbreviation">1Jn</scriptureBook>
  <scriptureBook ubsAbbreviation="2JN" parm="vernacularBookAbbreviation">2Jn</scriptureBook>
  <scriptureBook ubsAbbreviation="3JN" parm="vernacularBookAbbreviation">3Jn</scriptureBook>
  <scriptureBook ubsAbbreviation="JUD" parm="vernacularBookAbbreviation">Jud</scriptureBook>
  <scriptureBook ubsAbbreviation="REV" parm="vernacularBookAbbreviation">Rev</scriptureBook>
  <dcMeta xmlns:xsi="http://www.w3.org/2001/XMLSchema-instance" xsi:schemaLocation="http://dublincore.org/schemas/xmls/qdc/2008/02/11/dc.xsd" xmlns:dc="http://purl.org/dc/elements/1.1/">
    <dc:creator />
    <dc:contributor />
    <dc:title>King James (Authorized) Version</dc:title>
    <dc:description>The King James Version or Authorized Version of the Holy Bible, using the standardized text of 1769, protocanon only, with Strong's numbers added.</dc:description>
    <dc:date>2023-08-02</dc:date>
    <dc:format>digital</dc:format>
    <dc:language>eng</dc:language>
    <dc:publisher>PNG Bible Translation Association</dc:publisher>
    <dc:rights>Public DomainLetters patent issued by King James with no expiration date means that to print this translation in the United Kingdom or import printed copies into the UK, you need permission. Currently, the Cambridge University Press, the Oxford University Press, and Collins have the exclusive right to print this Bible translation in the UK. This royal decree has no effect outside of the UK, where this work is firmly in the Public Domain. Please see http://www.cambridge.org/about-us/who-we-are/queens-printers-patent and https://en.wikipedia.org/wiki/King_James_Version#Copyright_status for more information.

This free text of the King James Version of the Holy Bible is brought to you courtesy of the &lt;a href="https://crosswire.org/"&gt;Crosswire Bible Society&lt;/a&gt; and &lt;a href="https://eBible.org"&gt;eBible.org&lt;/a&gt;.</dc:rights>
    <dc:identifier />
    <dc:type />
  </dcMeta>
  <numberSystem>Default</numberSystem>
  <chapterAndVerseSeparator>.</chapterAndVerseSeparator>
  <rangeSeparator>-</rangeSeparator>
  <multiRefSameChapterSeparator>,</multiRefSameChapterSeparator>
  <multiRefDifferentChapterSeparator>—</multiRefDifferentChapterSeparator>
  <verseNumberLocation>Begin</verseNumberLocation>
  <footnoteMarkerStyle>Circulate</footnoteMarkerStyle>
  <footnoteMarkerResetAt>Book</footnoteMarkerResetAt>
  <footnoteMarkers>* † ‡ § ** †† ‡‡ §§ *** ††† ‡‡‡ §§§</footnoteMarkers>
  <BookSourceForMarkerXt>Abbreviation</BookSourceForMarkerXt>
  <BookSourceForMarkerR>ShortName</BookSourceForMarkerR>
  <iso>eng</iso>
  <isoVariant>archaic British</isoVariant>
  <langName>English</langName>
  <textDir>ltr</textDir>
  <hasNotes>True</hasNotes>
  <coverTitle>King James (Authorized) Version</coverTitle>
</vernacularParms>