﻿<?xml version="1.0" encoding="utf-8"?>
<DBLMetadata id="de4e12af7f28f599" type="text" typeVersion="1.5">
  <identification>
    <name>King James Version</name>
    <nameLocal>King James (Authorized) Version</nameLocal>
    <abbreviation>eng-kjv2006</abbreviation>
    <abbreviationLocal>KJV</abbreviationLocal>
    <scope>Bible without Deuterocanon</scope>
    <description>The King James Version or Authorized Version of the Holy Bible, using the standardized text of 1769, protocanon only, with Strong's numbers added.</description>
    <dateCompleted>1769</dateCompleted>
    <systemId fullname="King James Version" name="" type="paratext" />
    <bundleProducer />
  </identification>
  <confidential>false</confidential>
  <language>
    <iso>eng</iso>
    <name>English</name>
    <nameLocal>English</nameLocal>
    <ldml />
    <rod>03222</rod>
    <script>Latin</script>
    <scriptDirection>LTR</scriptDirection>
    <numerals>Arabic</numerals>
  </language>
  <country>
    <iso>GB</iso>
    <name>United Kingdom</name>
  </country>
  <type>
    <translationType>Revision</translationType>
    <audience>Common</audience>
  </type>
  <bookNames>
    <book code="GEN">
      <long>The First Book of Moses, called Genesis</long>
      <short>Genesis</short>
      <abbr>Gen</abbr>
    </book>
    <book code="EXO">
      <long>The Second Book of Moses, called Exodus</long>
      <short>Exodus</short>
      <abbr>Exo</abbr>
    </book>
    <book code="LEV">
      <long>The Third Book of Moses, called Leviticus</long>
      <short>Leviticus</short>
      <abbr>Lev</abbr>
    </book>
    <book code="NUM">
      <long>The Fourth Book of Moses, called Numbers</long>
      <short>Numbers</short>
      <abbr>Num</abbr>
    </book>
    <book code="DEU">
      <long>The Fifth Book of Moses, called Deuteronomy</long>
      <short>Deuteronomy</short>
      <abbr>Deu</abbr>
    </book>
    <book code="JOS">
      <long>The Book of Joshua</long>
      <short>Joshua</short>
      <abbr>Jos</abbr>
    </book>
    <book code="JDG">
      <long>The Book of Judges</long>
      <short>Judges</short>
      <abbr>Jdg</abbr>
    </book>
    <book code="RUT">
      <long>The Book of Ruth</long>
      <short>Ruth</short>
      <abbr>Rut</abbr>
    </book>
    <book code="1SA">
      <long>The First Book of Samuel Otherwise Called The First Book of the Kings</long>
      <short>1 Samuel</short>
      <abbr>1Sa</abbr>
    </book>
    <book code="2SA">
      <long>The Second Book of Samuel Otherwise Called The Second Book of the Kings</long>
      <short>2 Samuel</short>
      <abbr>2Sa</abbr>
    </book>
    <book code="1KI">
      <long>The First Book of the Kings, Commonly Called the Third Book of the Kings</long>
      <short>1 Kings</short>
      <abbr>1Ki</abbr>
    </book>
    <book code="2KI">
      <long>The Second Book of the Kings, Commonly Called the Fourth Book of the Kings</long>
      <short>2 Kings</short>
      <abbr>2Ki</abbr>
    </book>
    <book code="1CH">
      <long>The First Book of the Chronicles</long>
      <short>1 Chronicles</short>
      <abbr>1Ch</abbr>
    </book>
    <book code="2CH">
      <long>The Second Book of the Chronicles</long>
      <short>2 Chronicles</short>
      <abbr>2Ch</abbr>
    </book>
    <book code="EZR">
      <long>Ezra</long>
      <short>Ezra</short>
      <abbr>Ezr</abbr>
    </book>
    <book code="NEH">
      <long>The Book of Nehemiah</long>
      <short>Nehemiah</short>
      <abbr>Neh</abbr>
    </book>
    <book code="EST">
      <long>The Book of Esther</long>
      <short>Esther</short>
      <abbr>Est</abbr>
    </book>
    <book code="JOB">
      <long>The Book of Job</long>
      <short>Job</short>
      <abbr>Job</abbr>
    </book>
    <book code="PSA">
      <long>The Book of Psalms</long>
      <short>Psalms</short>
      <abbr>Psa</abbr>
    </book>
    <book code="PRO">
      <long>The Proverbs</long>
      <short>Proverbs</short>
      <abbr>Pro</abbr>
    </book>
    <book code="ECC">
      <long>Ecclesiastes or, the Preacher</long>
      <short>Ecclesiastes</short>
      <abbr>Ecc</abbr>
    </book>
    <book code="SNG">
      <long>The Song of Solomon</long>
      <short>Song of Solomon</short>
      <abbr>Sng</abbr>
    </book>
    <book code="ISA">
      <long>The Book of the Prophet Isaiah</long>
      <short>Isaiah</short>
      <abbr>Isa</abbr>
    </book>
    <book code="JER">
      <long>The Book of the Prophet Jeremiah</long>
      <short>Jeremiah</short>
      <abbr>Jer</abbr>
    </book>
    <book code="LAM">
      <long>The Lamentations of Jeremiah</long>
      <short>Lamentations</short>
      <abbr>Lam</abbr>
    </book>
    <book code="EZK">
      <long>The Book of the Prophet Ezekiel</long>
      <short>Ezekiel</short>
      <abbr>Ezk</abbr>
    </book>
    <book code="DAN">
      <long>The Book of Daniel</long>
      <short>Daniel</short>
      <abbr>Dan</abbr>
    </book>
    <book code="HOS">
      <long>Hosea</long>
      <short>Hosea</short>
      <abbr>Hos</abbr>
    </book>
    <book code="JOL">
      <long>Joel</long>
      <short>Joel</short>
      <abbr>Jol</abbr>
    </book>
    <book code="AMO">
      <long>Amos</long>
      <short>Amos</short>
      <abbr>Amo</abbr>
    </book>
    <book code="OBA">
      <long>Obadiah</long>
      <short>Obadiah</short>
      <abbr>Oba</abbr>
    </book>
    <book code="JON">
      <long>Jonah</long>
      <short>Jonah</short>
      <abbr>Jon</abbr>
    </book>
    <book code="MIC">
      <long>Micah</long>
      <short>Micah</short>
      <abbr>Mic</abbr>
    </book>
    <book code="NAM">
      <long>Nahum</long>
      <short>Nahum</short>
      <abbr>Nam</abbr>
    </book>
    <book code="HAB">
      <long>Habakkuk</long>
      <short>Habakkuk</short>
      <abbr>Hab</abbr>
    </book>
    <book code="ZEP">
      <long>Zephaniah</long>
      <short>Zephaniah</short>
      <abbr>Zep</abbr>
    </book>
    <book code="HAG">
      <long>Haggai</long>
      <short>Haggai</short>
      <abbr>Hag</abbr>
    </book>
    <book code="ZEC">
      <long>Zechariah</long>
      <short>Zechariah</short>
      <abbr>Zec</abbr>
    </book>
    <book code="MAL">
      <long>Malachi</long>
      <short>Malachi</short>
      <abbr>Mal</abbr>
    </book>
    <book code="MAT">
      <long>THE GOSPEL ACCORDING TO ST. MATTHEW</long>
      <short>Matthew</short>
      <abbr>Mat</abbr>
    </book>
    <book code="MRK">
      <long>THE GOSPEL ACCORDING TO ST. MARK</long>
      <short>Mark</short>
      <abbr>Mrk</abbr>
    </book>
    <book code="LUK">
      <long>THE GOSPEL ACCORDING TO ST. LUKE</long>
      <short>Luke</short>
      <abbr>Luk</abbr>
    </book>
    <book code="JHN">
      <long>THE GOSPEL ACCORDING TO ST. JOHN</long>
      <short>John</short>
      <abbr>Jhn</abbr>
    </book>
    <book code="ACT">
      <long>THE ACTS OF THE APOSTLES</long>
      <short>Acts</short>
      <abbr>Act</abbr>
    </book>
    <book code="ROM">
      <long>THE EPISTLE OF PAUL THE APOSTLE TO THE ROMANS</long>
      <short>Romans</short>
      <abbr>Rom</abbr>
    </book>
    <book code="1CO">
      <long>THE FIRST EPISTLE OF PAUL THE APOSTLE TO THE CORINTHIANS</long>
      <short>1 Corinthians</short>
      <abbr>1Co</abbr>
    </book>
    <book code="2CO">
      <long>THE SECOND EPISTLE OF PAUL THE APOSTLE TO THE CORINTHIANS</long>
      <short>2 Corinthians</short>
      <abbr>2Co</abbr>
    </book>
    <book code="GAL">
      <long>THE EPISTLE OF PAUL THE APOSTLE TO THE GALATIANS</long>
      <short>Galatians</short>
      <abbr>Gal</abbr>
    </book>
    <book code="EPH">
      <long>THE EPISTLE OF PAUL THE APOSTLE TO THE EPHESIANS</long>
      <short>Ephesians</short>
      <abbr>Eph</abbr>
    </book>
    <book code="PHP">
      <long>THE EPISTLE OF PAUL THE APOSTLE TO THE PHILIPPIANS</long>
      <short>Philippians</short>
      <abbr>Php</abbr>
    </book>
    <book code="COL">
      <long>THE EPISTLE OF PAUL THE APOSTLE TO THE COLOSSIANS</long>
      <short>Colossians</short>
      <abbr>Col</abbr>
    </book>
    <book code="1TH">
      <long>THE FIRST EPISTLE OF PAUL THE APOSTLE TO THE THESSALONIANS</long>
      <short>1 Thessalonians</short>
      <abbr>1Th</abbr>
    </book>
    <book code="2TH">
      <long>THE SECOND EPISTLE OF PAUL THE APOSTLE TO THE THESSALONIANS</long>
      <short>2 Thessalonians</short>
      <abbr>2Th</abbr>
    </book>
    <book code="1TI">
      <long>THE FIRST EPISTLE OF PAUL THE APOSTLE TO TIMOTHY</long>
      <short>1 Timothy</short>
      <abbr>1Ti</abbr>
    </book>
    <book code="2TI">
      <long>THE SECOND EPISTLE OF PAUL THE APOSTLE TO TIMOTHY</long>
      <short>2 Timothy</short>
      <abbr>2Ti</abbr>
    </book>
    <book code="TIT">
      <long>THE EPISTLE OF PAUL THE APOSTLE TO TITUS</long>
      <short>Titus</short>
      <abbr>Tit</abbr>
    </book>
    <book code="PHM">
      <long>THE EPISTLE OF PAUL THE APOSTLE TO PHILEMON</long>
      <short>Philemon</short>
      <abbr>Phm</abbr>
    </book>
    <book code="HEB">
      <long>THE EPISTLE OF PAUL THE APOSTLE TO THE HEBREWS</long>
      <short>Hebrews</short>
      <abbr>Heb</abbr>
    </book>
    <book code="JAS">
      <long>THE GENERAL EPISTLE OF JAMES</long>
      <short>James</short>
      <abbr>Jas</abbr>
    </book>
    <book code="1PE">
      <long>THE FIRST EPISTLE GENERAL OF PETER</long>
      <short>1 Peter</short>
      <abbr>1Pe</abbr>
    </book>
    <book code="2PE">
      <long>THE SECOND EPISTLE GENERAL OF PETER</long>
      <short>2 Peter</short>
      <abbr>2Pe</abbr>
    </book>
    <book code="1JN">
      <long>THE FIRST EPISTLE GENERAL OF JOHN</long>
      <short>1 John</short>
      <abbr>1Jn</abbr>
    </book>
    <book code="2JN">
      <long>THE SECOND EPISTLE OF JOHN</long>
      <short>2 John</short>
      <abbr>2Jn</abbr>
    </book>
    <book code="3JN">
      <long>THE THIRD EPISTLE OF JOHN</long>
      <short>3 John</short>
      <abbr>3Jn</abbr>
    </book>
    <book code="JUD">
      <long>THE GENERAL EPISTLE OF JUDE</long>
      <short>Jude</short>
      <abbr>Jud</abbr>
    </book>
    <book code="REV">
      <long>THE REVELATION OF ST. JOHN THE DIVINE</long>
      <short>Revelation</short>
      <abbr>Rev</abbr>
    </book>
  </bookNames>
  <contents>
    <bookList default="true" id="1">
      <name>King James Version</name>
      <nameLocal>King James (Authorized) Version</nameLocal>
      <abbreviation>eng-kjv2006</abbreviation>
      <abbreviationLocal>KJV</abbreviationLocal>
      <description>common</description>
      <descriptionLocal />
      <books>
        <book code="GEN" />
        <book code="EXO" />
        <book code="LEV" />
        <book code="NUM" />
        <book code="DEU" />
        <book code="JOS" />
        <book code="JDG" />
        <book code="RUT" />
        <book code="1SA" />
        <book code="2SA" />
        <book code="1KI" />
        <book code="2KI" />
        <book code="1CH" />
        <book code="2CH" />
        <book code="EZR" />
        <book code="NEH" />
        <book code="EST" />
        <book code="JOB" />
        <book code="PSA" />
        <book code="PRO" />
        <book code="ECC" />
        <book code="SNG" />
        <book code="ISA" />
        <book code="JER" />
        <book code="LAM" />
        <book code="EZK" />
        <book code="DAN" />
        <book code="HOS" />
        <book code="JOL" />
        <book code="AMO" />
        <book code="OBA" />
        <book code="JON" />
        <book code="MIC" />
        <book code="NAM" />
        <book code="HAB" />
        <book code="ZEP" />
        <book code="HAG" />
        <book code="ZEC" />
        <book code="MAL" />
        <book code="MAT" />
        <book code="MRK" />
        <book code="LUK" />
        <book code="JHN" />
        <book code="ACT" />
        <book code="ROM" />
        <book code="1CO" />
        <book code="2CO" />
        <book code="GAL" />
        <book code="EPH" />
        <book code="PHP" />
        <book code="COL" />
        <book code="1TH" />
        <book code="2TH" />
        <book code="1TI" />
        <book code="2TI" />
        <book code="TIT" />
        <book code="PHM" />
        <book code="HEB" />
        <book code="JAS" />
        <book code="1PE" />
        <book code="2PE" />
        <book code="1JN" />
        <book code="2JN" />
        <book code="3JN" />
        <book code="JUD" />
        <book code="REV" />
      </books>
    </bookList>
  </contents>
  <copyright>
    <statement contentType="xhtml">
      <p>Public Domain
Letters patent issued by King James with no expiration date means that to print this translation in the United Kingdom or import printed copies into the UK, you need permission. Currently, the Cambridge University Press, the Oxford University Press, and Collins have the exclusive right to print this Bible translation in the UK. This royal decree has no effect outside of the UK, where this work is firmly in the Public Domain. Please see http://www.cambridge.org/about-us/who-we-are/queens-printers-patent and https://en.wikipedia.org/wiki/King_James_Version#Copyright_status for more information.

This free text of the King James Version of the Holy Bible is brought to you courtesy of the &lt;a href="https://crosswire.org/"&gt;Crosswire Bible Society&lt;/a&gt; and &lt;a href="https://eBible.org"&gt;eBible.org&lt;/a&gt;.
</p>
    </statement>
  </copyright>
  <promotion>
    <promoVersionInfo contentType="xhtml">
      <p>Public DomainLetters patent issued by King James with no expiration date means that to print this translation in the United Kingdom or import printed copies into the UK, you need permission. Currently, the Cambridge University Press, the Oxford University Press, and Collins have the exclusive right to print this Bible translation in the UK. This royal decree has no effect outside of the UK, where this work is firmly in the Public Domain. Please see http://www.cambridge.org/about-us/who-we-are/queens-printers-patent and https://en.wikipedia.org/wiki/King_James_Version#Copyright_status for more information.

This free text of the King James Version of the Holy Bible is brought to you courtesy of the &lt;a href="https://crosswire.org/"&gt;Crosswire Bible Society&lt;/a&gt; and &lt;a href="https://eBible.org"&gt;eBible.org&lt;/a&gt;.</p>
    </promoVersionInfo>
    <promoEmail contentType="xhtml">Thank you for downloading King James (Authorized) Version! Now you'll have anytime, anywhere access to God's Word on your mobile device—even if 
you're outside of service coverage or not connected to the Internet. It also means faster service whenever you read that version since it's 
stored on your device. Enjoy! This download was made possible by . We really appreciate their passion for making the Bible available to millions of people around the world. Because of 
their generosity, people like you can open up the Bible and hear from God no matter where you are. You can learn more about them at .</promoEmail>
  </promotion>
  <archiveStatus>
    <archivistName />
    <dateArchived />
    <dateUpdated />
    <comments />
  </archiveStatus>
  <format>text/xml</format>
</DBLMetadata>