﻿<?xml version="1.0" encoding="utf-8"?>
<BookNames>
  <book code="GEN" abbr="Génesis" short="Génesis" long="Génesis" alt="" />
  <book code="EXO" abbr="Éxodo" short="Éxodo" long="Éxodo" alt="" />
  <book code="LEV" abbr="Levítico" short="Levítico" long="Levítico" alt="" />
  <book code="NUM" abbr="Números" short="Números" long="Números" alt="" />
  <book code="DEU" abbr="Deuteronomio" short="Deuteronomio" long="Deuteronomio" alt="" />
  <book code="JOS" abbr="Josué" short="Josué" long="Josué" alt="" />
  <book code="JDG" abbr="Jueces" short="Jueces" long="Jueces" alt="" />
  <book code="RUT" abbr="Rut" short="Rut" long="Rut" alt="" />
  <book code="1SA" abbr="1 Samuel" short="1 Samuel" long="1 Samuel" alt="" />
  <book code="2SA" abbr="2 Samuel" short="2 Samuel" long="2 Samuel" alt="" />
  <book code="1KI" abbr="1 Reyes" short="1 Reyes" long="1 Reyes" alt="" />
  <book code="2KI" abbr="2 Reyes" short="2 Reyes" long="2 Reyes" alt="" />
  <book code="1CH" abbr="1 Crónicas" short="1 Crónicas" long="1 Crónicas" alt="" />
  <book code="2CH" abbr="2 Crónicas" short="2 Crónicas" long="2 Crónicas" alt="" />
  <book code="EZR" abbr="Esdras" short="Esdras" long="Esdras" alt="" />
  <book code="NEH" abbr="Nehemías" short="Nehemías" long="Nehemías" alt="" />
  <book code="EST" abbr="Ester" short="Ester" long="Ester" alt="" />
  <book code="JOB" abbr="Job" short="Job" long="Job" alt="" />
  <book code="PSA" abbr="Salmos" short="Salmos" long="Salmos" alt="" />
  <book code="PRO" abbr="Proverbios" short="Proverbios" long="Proverbios" alt="" />
  <book code="ECC" abbr="Eclesiastés" short="Eclesiastés" long="Eclesiastés" alt="" />
  <book code="SNG" abbr="Cantar de los Cantares" short="Cantar de los Cantares" long="Cantar de los Cantares" alt="" />
  <book code="ISA" abbr="Isaías" short="Isaías" long="Isaías" alt="" />
  <book code="JER" abbr="Jeremías" short="Jeremías" long="Jeremías" alt="" />
  <book code="LAM" abbr="Lamentaciones" short="Lamentaciones" long="Lamentaciones" alt="" />
  <book code="EZK" abbr="Ezequiel" short="Ezequiel" long="Ezequiel" alt="" />
  <book code="DAN" abbr="Daniel" short="Daniel" long="Daniel" alt="" />
  <book code="HOS" abbr="Oseas" short="Oseas" long="Oseas" alt="" />
  <book code="JOL" abbr="Joel" short="Joel" long="Joel" alt="" />
  <book code="AMO" abbr="Amós" short="Amós" long="Amós" alt="" />
  <book code="OBA" abbr="Abdías" short="Abdías" long="Abdías" alt="" />
  <book code="JON" abbr="Jonás" short="Jonás" long="Jonás" alt="" />
  <book code="MIC" abbr="Miqueas" short="Miqueas" long="Miqueas" alt="" />
  <book code="NAM" abbr="Nahum" short="Nahum" long="Nahum" alt="" />
  <book code="HAB" abbr="Habacuc" short="Habacuc" long="Habacuc" alt="" />
  <book code="ZEP" abbr="Sofonías" short="Sofonías" long="Sofonías" alt="" />
  <book code="HAG" abbr="Hageo" short="Hageo" long="Hageo" alt="" />
  <book code="ZEC" abbr="Zacarías" short="Zacarías" long="Zacarías" alt="" />
  <book code="MAL" abbr="Malaquías" short="Malaquías" long="Malaquías" alt="" />
  <book code="MAT" abbr="San Mateo" short="San Mateo" long="San Mateo" alt="" />
  <book code="MRK" abbr="Marcos" short="Marcos" long="Marcos" alt="" />
  <book code="LUK" abbr="San Lucas" short="San Lucas" long="San Lucas" alt="" />
  <book code="JHN" abbr="Juan" short="Juan" long="Juan" alt="" />
  <book code="ACT" abbr="Hechos" short="Hechos" long="Hechos" alt="" />
  <book code="ROM" abbr="Romanos" short="Romanos" long="Romanos" alt="" />
  <book code="1CO" abbr="1 Corintios" short="1 Corintios" long="1 Corintios" alt="" />
  <book code="2CO" abbr="2 Corintios" short="2 Corintios" long="2 Corintios" alt="" />
  <book code="GAL" abbr="Gálatas" short="Gálatas" long="Gálatas" alt="" />
  <book code="EPH" abbr="Efesios" short="Efesios" long="Efesios" alt="" />
  <book code="PHP" abbr="Filipenses" short="Filipenses" long="Filipenses" alt="" />
  <book code="COL" abbr="Colosenses" short="Colosenses" long="Colosenses" alt="" />
  <book code="1TH" abbr="1 Tesalonicenses" short="1 Tesalonicenses" long="1 Tesalonicenses" alt="" />
  <book code="2TH" abbr="2 Tesalonicenses" short="2 Tesalonicenses" long="2 Tesalonicenses" alt="" />
  <book code="1TI" abbr="1 Timoteo" short="1 Timoteo" long="1 Timoteo" alt="" />
  <book code="2TI" abbr="2 Timoteo" short="2 Timoteo" long="2 Timoteo" alt="" />
  <book code="TIT" abbr="Tito" short="Tito" long="Tito" alt="" />
  <book code="PHM" abbr="Filemón" short="Filemón" long="Filemón" alt="" />
  <book code="HEB" abbr="Hebreos" short="Hebreos" long="Hebreos" alt="" />
  <book code="JAS" abbr="Santiago" short="Santiago" long="Santiago" alt="" />
  <book code="1PE" abbr="1 Pedro" short="1 Pedro" long="1 Pedro" alt="" />
  <book code="2PE" abbr="2 Pedro" short="2 Pedro" long="2 Pedro" alt="" />
  <book code="1JN" abbr="1 Juan" short="1 Juan" long="1 Juan" alt="" />
  <book code="2JN" abbr="2 Juan" short="2 Juan" long="2 Juan" alt="" />
  <book code="3JN" abbr="3 Juan" short="3 Juan" long="3 Juan" alt="" />
  <book code="JUD" abbr="Judas" short="Judas" long="Judas" alt="" />
  <book code="REV" abbr="Apocalipsis" short="Apocalipsis" long="Apocalipsis" alt="" />
</BookNames>