﻿<?xml version="1.0" encoding="utf-8"?>
<DBLMetadata id="" type="text" typeVersion="1.5">
  <identification>
    <name>Reina Valera 1909</name>
    <nameLocal>Santa Biblia — Reina Valera 1909</nameLocal>
    <abbreviation>spaRV1909</abbreviation>
    <abbreviationLocal>RV1909</abbreviationLocal>
    <scope>Bible without Deuterocanon</scope>
    <description>The Holy Bible in Spanish, Reina Valera translation of 1909</description>
    <dateCompleted>1909</dateCompleted>
    <systemId fullname="Reina Valera 1909" name="" type="paratext" />
    <bundleProducer />
  </identification>
  <confidential>false</confidential>
  <language>
    <iso>spa</iso>
    <name>Spanish</name>
    <nameLocal>Español</nameLocal>
    <ldml />
    <rod>04558</rod>
    <script>Latin</script>
    <scriptDirection>LTR</scriptDirection>
    <numerals>Arabic</numerals>
  </language>
  <country>
    <iso>ES</iso>
    <name>Spain</name>
  </country>
  <type>
    <translationType>New</translationType>
    <audience>Common</audience>
  </type>
  <bookNames>
    <book code="GEN">
      <long>Génesis</long>
      <short>Génesis</short>
      <abbr>Génesis</abbr>
    </book>
    <book code="EXO">
      <long>Éxodo</long>
      <short>Éxodo</short>
      <abbr>Éxodo</abbr>
    </book>
    <book code="LEV">
      <long>Levítico</long>
      <short>Levítico</short>
      <abbr>Levítico</abbr>
    </book>
    <book code="NUM">
      <long>Números</long>
      <short>Números</short>
      <abbr>Números</abbr>
    </book>
    <book code="DEU">
      <long>Deuteronomio</long>
      <short>Deuteronomio</short>
      <abbr>Deuteronomio</abbr>
    </book>
    <book code="JOS">
      <long>Josué</long>
      <short>Josué</short>
      <abbr>Josué</abbr>
    </book>
    <book code="JDG">
      <long>Jueces</long>
      <short>Jueces</short>
      <abbr>Jueces</abbr>
    </book>
    <book code="RUT">
      <long>Rut</long>
      <short>Rut</short>
      <abbr>Rut</abbr>
    </book>
    <book code="1SA">
      <long>1 Samuel</long>
      <short>1 Samuel</short>
      <abbr>1 Samuel</abbr>
    </book>
    <book code="2SA">
      <long>2 Samuel</long>
      <short>2 Samuel</short>
      <abbr>2 Samuel</abbr>
    </book>
    <book code="1KI">
      <long>1 Reyes</long>
      <short>1 Reyes</short>
      <abbr>1 Reyes</abbr>
    </book>
    <book code="2KI">
      <long>2 Reyes</long>
      <short>2 Reyes</short>
      <abbr>2 Reyes</abbr>
    </book>
    <book code="1CH">
      <long>1 Crónicas</long>
      <short>1 Crónicas</short>
      <abbr>1 Crónicas</abbr>
    </book>
    <book code="2CH">
      <long>2 Crónicas</long>
      <short>2 Crónicas</short>
      <abbr>2 Crónicas</abbr>
    </book>
    <book code="EZR">
      <long>Esdras</long>
      <short>Esdras</short>
      <abbr>Esdras</abbr>
    </book>
    <book code="NEH">
      <long>Nehemías</long>
      <short>Nehemías</short>
      <abbr>Nehemías</abbr>
    </book>
    <book code="EST">
      <long>Ester</long>
      <short>Ester</short>
      <abbr>Ester</abbr>
    </book>
    <book code="JOB">
      <long>Job</long>
      <short>Job</short>
      <abbr>Job</abbr>
    </book>
    <book code="PSA">
      <long>Salmos</long>
      <short>Salmos</short>
      <abbr>Salmos</abbr>
    </book>
    <book code="PRO">
      <long>Proverbios</long>
      <short>Proverbios</short>
      <abbr>Proverbios</abbr>
    </book>
    <book code="ECC">
      <long>Eclesiastés</long>
      <short>Eclesiastés</short>
      <abbr>Eclesiastés</abbr>
    </book>
    <book code="SNG">
      <long>Cantar de los Cantares</long>
      <short>Cantar de los Cantares</short>
      <abbr>Cantar de los Cantares</abbr>
    </book>
    <book code="ISA">
      <long>Isaías</long>
      <short>Isaías</short>
      <abbr>Isaías</abbr>
    </book>
    <book code="JER">
      <long>Jeremías</long>
      <short>Jeremías</short>
      <abbr>Jeremías</abbr>
    </book>
    <book code="LAM">
      <long>Lamentaciones</long>
      <short>Lamentaciones</short>
      <abbr>Lamentaciones</abbr>
    </book>
    <book code="EZK">
      <long>Ezequiel</long>
      <short>Ezequiel</short>
      <abbr>Ezequiel</abbr>
    </book>
    <book code="DAN">
      <long>Daniel</long>
      <short>Daniel</short>
      <abbr>Daniel</abbr>
    </book>
    <book code="HOS">
      <long>Oseas</long>
      <short>Oseas</short>
      <abbr>Oseas</abbr>
    </book>
    <book code="JOL">
      <long>Joel</long>
      <short>Joel</short>
      <abbr>Joel</abbr>
    </book>
    <book code="AMO">
      <long>Amós</long>
      <short>Amós</short>
      <abbr>Amós</abbr>
    </book>
    <book code="OBA">
      <long>Abdías</long>
      <short>Abdías</short>
      <abbr>Abdías</abbr>
    </book>
    <book code="JON">
      <long>Jonás</long>
      <short>Jonás</short>
      <abbr>Jonás</abbr>
    </book>
    <book code="MIC">
      <long>Miqueas</long>
      <short>Miqueas</short>
      <abbr>Miqueas</abbr>
    </book>
    <book code="NAM">
      <long>Nahum</long>
      <short>Nahum</short>
      <abbr>Nahum</abbr>
    </book>
    <book code="HAB">
      <long>Habacuc</long>
      <short>Habacuc</short>
      <abbr>Habacuc</abbr>
    </book>
    <book code="ZEP">
      <long>Sofonías</long>
      <short>Sofonías</short>
      <abbr>Sofonías</abbr>
    </book>
    <book code="HAG">
      <long>Hageo</long>
      <short>Hageo</short>
      <abbr>Hageo</abbr>
    </book>
    <book code="ZEC">
      <long>Zacarías</long>
      <short>Zacarías</short>
      <abbr>Zacarías</abbr>
    </book>
    <book code="MAL">
      <long>Malaquías</long>
      <short>Malaquías</short>
      <abbr>Malaquías</abbr>
    </book>
    <book code="MAT">
      <long>San Mateo</long>
      <short>San Mateo</short>
      <abbr>San Mateo</abbr>
    </book>
    <book code="MRK">
      <long>Marcos</long>
      <short>Marcos</short>
      <abbr>Marcos</abbr>
    </book>
    <book code="LUK">
      <long>San Lucas</long>
      <short>San Lucas</short>
      <abbr>San Lucas</abbr>
    </book>
    <book code="JHN">
      <long>Juan</long>
      <short>Juan</short>
      <abbr>Juan</abbr>
    </book>
    <book code="ACT">
      <long>Hechos</long>
      <short>Hechos</short>
      <abbr>Hechos</abbr>
    </book>
    <book code="ROM">
      <long>Romanos</long>
      <short>Romanos</short>
      <abbr>Romanos</abbr>
    </book>
    <book code="1CO">
      <long>1 Corintios</long>
      <short>1 Corintios</short>
      <abbr>1 Corintios</abbr>
    </book>
    <book code="2CO">
      <long>2 Corintios</long>
      <short>2 Corintios</short>
      <abbr>2 Corintios</abbr>
    </book>
    <book code="GAL">
      <long>Gálatas</long>
      <short>Gálatas</short>
      <abbr>Gálatas</abbr>
    </book>
    <book code="EPH">
      <long>Efesios</long>
      <short>Efesios</short>
      <abbr>Efesios</abbr>
    </book>
    <book code="PHP">
      <long>Filipenses</long>
      <short>Filipenses</short>
      <abbr>Filipenses</abbr>
    </book>
    <book code="COL">
      <long>Colosenses</long>
      <short>Colosenses</short>
      <abbr>Colosenses</abbr>
    </book>
    <book code="1TH">
      <long>1 Tesalonicenses</long>
      <short>1 Tesalonicenses</short>
      <abbr>1 Tesalonicenses</abbr>
    </book>
    <book code="2TH">
      <long>2 Tesalonicenses</long>
      <short>2 Tesalonicenses</short>
      <abbr>2 Tesalonicenses</abbr>
    </book>
    <book code="1TI">
      <long>1 Timoteo</long>
      <short>1 Timoteo</short>
      <abbr>1 Timoteo</abbr>
    </book>
    <book code="2TI">
      <long>2 Timoteo</long>
      <short>2 Timoteo</short>
      <abbr>2 Timoteo</abbr>
    </book>
    <book code="TIT">
      <long>Tito</long>
      <short>Tito</short>
      <abbr>Tito</abbr>
    </book>
    <book code="PHM">
      <long>Filemón</long>
      <short>Filemón</short>
      <abbr>Filemón</abbr>
    </book>
    <book code="HEB">
      <long>Hebreos</long>
      <short>Hebreos</short>
      <abbr>Hebreos</abbr>
    </book>
    <book code="JAS">
      <long>Santiago</long>
      <short>Santiago</short>
      <abbr>Santiago</abbr>
    </book>
    <book code="1PE">
      <long>1 Pedro</long>
      <short>1 Pedro</short>
      <abbr>1 Pedro</abbr>
    </book>
    <book code="2PE">
      <long>2 Pedro</long>
      <short>2 Pedro</short>
      <abbr>2 Pedro</abbr>
    </book>
    <book code="1JN">
      <long>1 Juan</long>
      <short>1 Juan</short>
      <abbr>1 Juan</abbr>
    </book>
    <book code="2JN">
      <long>2 Juan</long>
      <short>2 Juan</short>
      <abbr>2 Juan</abbr>
    </book>
    <book code="3JN">
      <long>3 Juan</long>
      <short>3 Juan</short>
      <abbr>3 Juan</abbr>
    </book>
    <book code="JUD">
      <long>Judas</long>
      <short>Judas</short>
      <abbr>Judas</abbr>
    </book>
    <book code="REV">
      <long>Apocalipsis</long>
      <short>Apocalipsis</short>
      <abbr>Apocalipsis</abbr>
    </book>
  </bookNames>
  <contents>
    <bookList default="true" id="1">
      <name>Reina Valera 1909</name>
      <nameLocal>Santa Biblia — Reina Valera 1909</nameLocal>
      <abbreviation>spaRV1909</abbreviation>
      <abbreviationLocal>RV1909</abbreviationLocal>
      <description>common</description>
      <descriptionLocal />
      <books>
        <book code="GEN" />
        <book code="EXO" />
        <book code="LEV" />
        <book code="NUM" />
        <book code="DEU" />
        <book code="JOS" />
        <book code="JDG" />
        <book code="RUT" />
        <book code="1SA" />
        <book code="2SA" />
        <book code="1KI" />
        <book code="2KI" />
        <book code="1CH" />
        <book code="2CH" />
        <book code="EZR" />
        <book code="NEH" />
        <book code="EST" />
        <book code="JOB" />
        <book code="PSA" />
        <book code="PRO" />
        <book code="ECC" />
        <book code="SNG" />
        <book code="ISA" />
        <book code="JER" />
        <book code="LAM" />
        <book code="EZK" />
        <book code="DAN" />
        <book code="HOS" />
        <book code="JOL" />
        <book code="AMO" />
        <book code="OBA" />
        <book code="JON" />
        <book code="MIC" />
        <book code="NAM" />
        <book code="HAB" />
        <book code="ZEP" />
        <book code="HAG" />
        <book code="ZEC" />
        <book code="MAL" />
        <book code="MAT" />
        <book code="MRK" />
        <book code="LUK" />
        <book code="JHN" />
        <book code="ACT" />
        <book code="ROM" />
        <book code="1CO" />
        <book code="2CO" />
        <book code="GAL" />
        <book code="EPH" />
        <book code="PHP" />
        <book code="COL" />
        <book code="1TH" />
        <book code="2TH" />
        <book code="1TI" />
        <book code="2TI" />
        <book code="TIT" />
        <book code="PHM" />
        <book code="HEB" />
        <book code="JAS" />
        <book code="1PE" />
        <book code="2PE" />
        <book code="1JN" />
        <book code="2JN" />
        <book code="3JN" />
        <book code="JUD" />
        <book code="REV" />
      </books>
    </bookList>
  </contents>
  <copyright>
    <statement contentType="xhtml">
      <p>Public Domain
Dominio Público
</p>
    </statement>
  </copyright>
  <promotion>
    <promoVersionInfo contentType="xhtml">
      <p>Public DomainDominio Público</p>
    </promoVersionInfo>
    <promoEmail contentType="xhtml">Thank you for downloading Santa Biblia — Reina Valera 1909! Now you'll have anytime, anywhere access to God's Word on your mobile device—even if 
you're outside of service coverage or not connected to the Internet. It also means faster service whenever you read that version since it's 
stored on your device. Enjoy! This download was made possible by . We really appreciate their passion for making the Bible available to millions of people around the world. Because of 
their generosity, people like you can open up the Bible and hear from God no matter where you are. You can learn more about them at .</promoEmail>
  </promotion>
  <archiveStatus>
    <archivistName />
    <dateArchived />
    <dateUpdated />
    <comments />
  </archiveStatus>
  <format>text/xml</format>
</DBLMetadata>