﻿<?xml version="1.0" encoding="utf-8"?>
<BookNames>
  <book code="GEN" abbr="GENESIS" short="GENESIS" long="INCIPIT LIBER BERESIT ID EST GENESIS" alt="" />
  <book code="EXO" abbr="EXODUS" short="EXODUS" long="INCIPIT LIBER ELLESMOTH ID EST EXODUS" alt="" />
  <book code="LEV" abbr="LEVITICUS" short="LEVITICUS" long="INCIPIT LIBER VAIECRA ID EST LEVITICUS" alt="" />
  <book code="NUM" abbr="LIBER NUMERI" short="LIBER NUMERI" long="INCIPIT LIBER VAIEDABBER ID EST NUMERI" alt="" />
  <book code="DEU" abbr="DEUTERONOMII" short="DEUTERONOMII" long="INCIPIT LIBER HELLEADDABARIM ID EST DEUTERONOMIUM" alt="" />
  <book code="JOS" abbr="IOSUE" short="IOSUE" long="INCIPIT LIBER IOSUE BENNUN ID EST IESU NAVE" alt="" />
  <book code="JDG" abbr="IUDICUM" short="IUDICUM" long="INCIPIT LIBER SOPTHIM ID EST IUDICUM" alt="" />
  <book code="RUT" abbr="RUTH" short="RUTH" long="INCIPIT LIBER RUTH" alt="" />
  <book code="1SA" abbr="I SAMUELIS" short="I SAMUELIS" long="INCIPIT LIBER I SAMUHELIS ID EST REGUM PRIMUS" alt="" />
  <book code="2SA" abbr="II SAMUELIS" short="II SAMUELIS" long="INCIPIT LIBER II SAMUHELIS ID EST REGUM SECUNDIS" alt="" />
  <book code="1KI" abbr="I REGUM" short="I REGUM" long="INCIPIT LIBER MALACHIM ID EST REGUM TERTIUS ET QUARTUS" alt="" />
  <book code="2KI" abbr="II REGUM" short="II REGUM" long="INCIPIT LIBER MALACHIM ID EST REGUM QUARTUS" alt="" />
  <book code="1CH" abbr="I PARALIPOMENON" short="I PARALIPOMENON" long="INCIPIT LIBER DABREIAMIN ID EST VERBA DEIRUM QUI GRÆCE DICITUR PARALIPOMENON" alt="" />
  <book code="2CH" abbr="II PARALIPOMENON" short="II PARALIPOMENON" long="LIBER SECUNDUS PARALIPOMENON" alt="" />
  <book code="EZR" abbr="ESDRÆ" short="ESDRÆ" long="INCIPIT LIBER ESDRÆ" alt="" />
  <book code="NEH" abbr="NEHEMIÆ" short="NEHEMIÆ" long="II ESDRÆ ID EST LIBER NEHEMIÆ" alt="" />
  <book code="EST" abbr="ESTHER" short="ESTHER" long="INCIPIT LIBER HESTER" alt="" />
  <book code="JOB" abbr="JOB" short="JOB" long="INCIPIT LIBER JOB" alt="" />
  <book code="PSA" abbr="PSALMORUM" short="PSALMORUM" long="INCIPIT LIBER PSALMORUM IUXTA HEBRAICUM TRANSLATUS" alt="" />
  <book code="PRO" abbr="PROVERBIORUM" short="PROVERBIORUM" long="INCIPIT LIBER PROVERBIORUM SALOMONIS" alt="" />
  <book code="ECC" abbr="ECCLESIASTES" short="ECCLESIASTES" long="INCIPIT LIBER ECCLESIASTES" alt="" />
  <book code="SNG" abbr="CANTICUM CANTICORUM" short="CANTICUM CANTICORUM" long="INCIPIT LIBER CANTICUM CANTICORUM" alt="" />
  <book code="ISA" abbr="ISAIÆ" short="ISAIÆ" long="INCIPIT LIBER ISAIÆ PROPHETÆ" alt="" />
  <book code="JER" abbr="JEREMIÆ" short="JEREMIÆ" long="INCIPIT LIBER JEREMIÆ PROPHETÆ" alt="" />
  <book code="LAM" abbr="LAMENTATIONES" short="LAMENTATIONES" long="LAMENTATIONES" alt="" />
  <book code="EZK" abbr="HIEZECHIELIS PROPHETÆ" short="HIEZECHIELIS PROPHETÆ" long="INCIPIT LIBER HIEZECHIELIS PROPHETÆ" alt="" />
  <book code="DAN" abbr="DANIHELIS PROPHETÆ" short="DANIHELIS PROPHETÆ" long="INCIPIT LIBER DANIHELIS PROPHETÆ" alt="" />
  <book code="HOS" abbr="OSEE PROPHETA" short="OSEE PROPHETA" long="INCIPIT OSEE PROPHETA" alt="" />
  <book code="JOL" abbr="JOËL PROPHETA" short="JOËL PROPHETA" long="INCIPIT JOËL PROPHETA" alt="" />
  <book code="AMO" abbr="AMOS PROPHETA" short="AMOS PROPHETA" long="INCIPIT AMOS PROPHETA" alt="" />
  <book code="OBA" abbr="ABDIAS PROPHETA" short="ABDIAS PROPHETA" long="INCIPIT ABDIAS PROPHETA" alt="" />
  <book code="JON" abbr="JONAS PROPHETA" short="JONAS PROPHETA" long="INCIPIT JONAS PROPHETA" alt="" />
  <book code="MIC" abbr="MICHA PROPHETA" short="MICHA PROPHETA" long="INCIPIT MICHA PROPHETA" alt="" />
  <book code="NAM" abbr="NAHUM PROPHETA" short="NAHUM PROPHETA" long="INCIPIT NAHUM PROPHETA" alt="" />
  <book code="HAB" abbr="HABACUC PROPHETA" short="HABACUC PROPHETA" long="INCIPIT HABACUC PROPHETA" alt="" />
  <book code="ZEP" abbr="SOFONIAS PROPHETA" short="SOFONIAS PROPHETA" long="INCIPIT SOFONIAS PROPHETA" alt="" />
  <book code="HAG" abbr="AGGÆI PROPHETÆ" short="AGGÆI PROPHETÆ" long="INCIPIT AGGÆI PROPHETÆ" alt="" />
  <book code="ZEC" abbr="ZACCHARIAS PROPHETA" short="ZACCHARIAS PROPHETA" long="INCIPIT ZACCHARIAS PROPHETA" alt="" />
  <book code="MAL" abbr="MALACHI PROPHETA" short="MALACHI PROPHETA" long="INCIPIT MALACHI PROPHETA" alt="" />
  <book code="TOB" abbr="TOBIÆ" short="TOBIÆ" long="INCIPIT LIBER TOBIÆ" alt="" />
  <book code="JDT" abbr="IUDITH" short="IUDITH" long="INCIPIT LIBER IUDITH" alt="" />
  <book code="WIS" abbr="SAPIENTIÆ SOLOMONIS" short="SAPIENTIÆ SOLOMONIS" long="INCIPIT LIBER SAPIENTIÆ SOLOMONIS" alt="" />
  <book code="SIR" abbr="IESU FILII SIRACH" short="IESU FILII SIRACH" long="INCIPIT LIBER IESU FILII SIRACH" alt="" />
  <book code="BAR" abbr="BARUCH" short="BARUCH" long="INCIPIT LIBER BARUCH" alt="" />
  <book code="1MA" abbr="PRIMUS MACCHABEORUM" short="PRIMUS MACCHABEORUM" long="INCIPIT LIBER PRIMUS MACCHABEORUM" alt="" />
  <book code="2MA" abbr="MACCHABEORUM SECUNDUS" short="MACCHABEORUM SECUNDUS" long="MACCHABEORUM INCIPIT LIBER SECUNDUS" alt="" />
  <book code="MAT" abbr="MATTHEUM" short="MATTHEUM" long="INCIPIT EVANGELIUM SECUNDUM MATTHEUM" alt="" />
  <book code="MRK" abbr="MARCUM" short="MARCUM" long="INCIPIT SECUNDUM MARCUM" alt="" />
  <book code="LUK" abbr="LUCAM" short="LUCAM" long="INCIPIT SECUNDUM LUCAM" alt="" />
  <book code="JHN" abbr="IOHANNEM" short="IOHANNEM" long="INCIPIT SECUNDUM IOHANNEM" alt="" />
  <book code="ACT" abbr="ACTUUM APOSTOLORUM" short="ACTUUM APOSTOLORUM" long="INCIPIT LIBER ACTUUM APOSTOLORUM" alt="" />
  <book code="ROM" abbr="ROMANOS" short="ROMANOS" long="INCIPIT EPISTULA AD ROMANOS" alt="" />
  <book code="1CO" abbr="CORINTHIOS I" short="CORINTHIOS I" long="INCIPIT AD CORINTHIOS I" alt="" />
  <book code="2CO" abbr="CORINTHIOS II" short="CORINTHIOS II" long="INCIPIT AD CORINTHIOS II" alt="" />
  <book code="GAL" abbr="GALATAS" short="GALATAS" long="INCIPIT AD GALATAS" alt="" />
  <book code="EPH" abbr="EPHESIOS" short="EPHESIOS" long="INCIPIT AD EPHESIOS" alt="" />
  <book code="PHP" abbr="PHILIPPENSES" short="PHILIPPENSES" long="INCIPIT AD PHILIPPENSES" alt="" />
  <book code="COL" abbr="COLOSSENES" short="COLOSSENES" long="INCIPIT AD COLOSSENES" alt="" />
  <book code="1TH" abbr="THESSALONICENSES I" short="THESSALONICENSES I" long="INCIPIT AD THESSALONICENSES I" alt="" />
  <book code="2TH" abbr="THESSALONICENSES II" short="THESSALONICENSES II" long="INCIPIT AD THESSALONICENSES II" alt="" />
  <book code="1TI" abbr="TIMOTHEUM I" short="TIMOTHEUM I" long="INCIPIT AD TIMOTHEUM I" alt="" />
  <book code="2TI" abbr="TIMOTHEUM II" short="TIMOTHEUM II" long="INCIPIT AD TIMOTHEUM II" alt="" />
  <book code="TIT" abbr="TITUM" short="TITUM" long="INCIPIT AD TITUM" alt="" />
  <book code="PHM" abbr="PHILEMONEM" short="PHILEMONEM" long="INCIPIT AD PHILEMONEM" alt="" />
  <book code="HEB" abbr="HEBRÆOS" short="HEBRÆOS" long="INCIPIT AD HEBRÆOS" alt="" />
  <book code="JAS" abbr="IACOBI" short="IACOBI" long="INCIPIT EPISTULA IACOBI" alt="" />
  <book code="1PE" abbr="PETRI I" short="PETRI I" long="INCIPIT EPISTULA PETRI I" alt="" />
  <book code="2PE" abbr="PETRI II" short="PETRI II" long="INCIPIT EPISTULA PETRI II" alt="" />
  <book code="1JN" abbr="IOHANNIS I" short="IOHANNIS I" long="INCIPIT EPISTULA IOHANNIS I" alt="" />
  <book code="2JN" abbr="IOHANNIS II" short="IOHANNIS II" long="INCIPIT EPISTULA IOHANNIS II" alt="" />
  <book code="3JN" abbr="IOHANNIS III" short="IOHANNIS III" long="INCIPIT EPISTULA IOHANNIS III" alt="" />
  <book code="JUD" abbr="IUDÆ" short="IUDÆ" long="INCIPIT EPISTULA IUDÆ" alt="" />
  <book code="REV" abbr="APOCALYPSIS" short="APOCALYPSIS" long="INCIPIT APOCALYPSIS IOHANNIS APOSTOLI" alt="" />
</BookNames>