﻿<?xml version="1.0" encoding="utf-8"?>
<DBLMetadata id="2b8cb67984f45a9c" type="text" typeVersion="1.5">
  <identification>
    <name>Clementine Vulgate 1598</name>
    <nameLocal>Bibbia Vulgata Clementina na 1598</nameLocal>
    <abbreviation>latVUC</abbreviation>
    <abbreviationLocal>VULC</abbreviationLocal>
    <scope>Bible with Deuterocanon</scope>
    <description>Clementine Vulgate of 1598 with Glossa Ordinaria Migne edition 1880 in Latin</description>
    <dateCompleted>1880</dateCompleted>
    <systemId fullname="Clementine Vulgate 1598" name="" type="paratext" />
    <bundleProducer />
  </identification>
  <confidential>false</confidential>
  <language>
    <iso>lat</iso>
    <name>Latin</name>
    <nameLocal>Latine</nameLocal>
    <ldml />
    <rod />
    <script>Latin</script>
    <scriptDirection>LTR</scriptDirection>
    <numerals>Arabic</numerals>
  </language>
  <country>
    <iso>VA</iso>
    <name>Vatican State</name>
  </country>
  <type>
    <translationType>Revision</translationType>
    <audience>Common</audience>
  </type>
  <bookNames>
    <book code="GEN">
      <long>INCIPIT LIBER BERESIT ID EST GENESIS</long>
      <short>GENESIS</short>
      <abbr>GENESIS</abbr>
    </book>
    <book code="EXO">
      <long>INCIPIT LIBER ELLESMOTH ID EST EXODUS</long>
      <short>EXODUS</short>
      <abbr>EXODUS</abbr>
    </book>
    <book code="LEV">
      <long>INCIPIT LIBER VAIECRA ID EST LEVITICUS</long>
      <short>LEVITICUS</short>
      <abbr>LEVITICUS</abbr>
    </book>
    <book code="NUM">
      <long>INCIPIT LIBER VAIEDABBER ID EST NUMERI</long>
      <short>LIBER NUMERI</short>
      <abbr>LIBER NUMERI</abbr>
    </book>
    <book code="DEU">
      <long>INCIPIT LIBER HELLEADDABARIM ID EST DEUTERONOMIUM</long>
      <short>DEUTERONOMII</short>
      <abbr>DEUTERONOMII</abbr>
    </book>
    <book code="JOS">
      <long>INCIPIT LIBER IOSUE BENNUN ID EST IESU NAVE</long>
      <short>IOSUE</short>
      <abbr>IOSUE</abbr>
    </book>
    <book code="JDG">
      <long>INCIPIT LIBER SOPTHIM ID EST IUDICUM</long>
      <short>IUDICUM</short>
      <abbr>IUDICUM</abbr>
    </book>
    <book code="RUT">
      <long>INCIPIT LIBER RUTH</long>
      <short>RUTH</short>
      <abbr>RUTH</abbr>
    </book>
    <book code="1SA">
      <long>INCIPIT LIBER I SAMUHELIS ID EST REGUM PRIMUS</long>
      <short>I SAMUELIS</short>
      <abbr>I SAMUELIS</abbr>
    </book>
    <book code="2SA">
      <long>INCIPIT LIBER II SAMUHELIS ID EST REGUM SECUNDIS</long>
      <short>II SAMUELIS</short>
      <abbr>II SAMUELIS</abbr>
    </book>
    <book code="1KI">
      <long>INCIPIT LIBER MALACHIM ID EST REGUM TERTIUS ET QUARTUS</long>
      <short>I REGUM</short>
      <abbr>I REGUM</abbr>
    </book>
    <book code="2KI">
      <long>INCIPIT LIBER MALACHIM ID EST REGUM QUARTUS</long>
      <short>II REGUM</short>
      <abbr>II REGUM</abbr>
    </book>
    <book code="1CH">
      <long>INCIPIT LIBER DABREIAMIN ID EST VERBA DEIRUM QUI GRÆCE DICITUR PARALIPOMENON</long>
      <short>I PARALIPOMENON</short>
      <abbr>I PARALIPOMENON</abbr>
    </book>
    <book code="2CH">
      <long>LIBER SECUNDUS PARALIPOMENON</long>
      <short>II PARALIPOMENON</short>
      <abbr>II PARALIPOMENON</abbr>
    </book>
    <book code="EZR">
      <long>INCIPIT LIBER ESDRÆ</long>
      <short>ESDRÆ</short>
      <abbr>ESDRÆ</abbr>
    </book>
    <book code="NEH">
      <long>II ESDRÆ ID EST LIBER NEHEMIÆ</long>
      <short>NEHEMIÆ</short>
      <abbr>NEHEMIÆ</abbr>
    </book>
    <book code="EST">
      <long>INCIPIT LIBER HESTER</long>
      <short>ESTHER</short>
      <abbr>ESTHER</abbr>
    </book>
    <book code="JOB">
      <long>INCIPIT LIBER JOB</long>
      <short>JOB</short>
      <abbr>JOB</abbr>
    </book>
    <book code="PSA">
      <long>INCIPIT LIBER PSALMORUM IUXTA HEBRAICUM TRANSLATUS</long>
      <short>PSALMORUM</short>
      <abbr>PSALMORUM</abbr>
    </book>
    <book code="PRO">
      <long>INCIPIT LIBER PROVERBIORUM SALOMONIS</long>
      <short>PROVERBIORUM</short>
      <abbr>PROVERBIORUM</abbr>
    </book>
    <book code="ECC">
      <long>INCIPIT LIBER ECCLESIASTES</long>
      <short>ECCLESIASTES</short>
      <abbr>ECCLESIASTES</abbr>
    </book>
    <book code="SNG">
      <long>INCIPIT LIBER CANTICUM CANTICORUM</long>
      <short>CANTICUM CANTICORUM</short>
      <abbr>CANTICUM CANTICORUM</abbr>
    </book>
    <book code="ISA">
      <long>INCIPIT LIBER ISAIÆ PROPHETÆ</long>
      <short>ISAIÆ</short>
      <abbr>ISAIÆ</abbr>
    </book>
    <book code="JER">
      <long>INCIPIT LIBER JEREMIÆ PROPHETÆ</long>
      <short>JEREMIÆ</short>
      <abbr>JEREMIÆ</abbr>
    </book>
    <book code="LAM">
      <long>LAMENTATIONES</long>
      <short>LAMENTATIONES</short>
      <abbr>LAMENTATIONES</abbr>
    </book>
    <book code="EZK">
      <long>INCIPIT LIBER HIEZECHIELIS PROPHETÆ</long>
      <short>HIEZECHIELIS PROPHETÆ</short>
      <abbr>HIEZECHIELIS PROPHETÆ</abbr>
    </book>
    <book code="DAN">
      <long>INCIPIT LIBER DANIHELIS PROPHETÆ</long>
      <short>DANIHELIS PROPHETÆ</short>
      <abbr>DANIHELIS PROPHETÆ</abbr>
    </book>
    <book code="HOS">
      <long>INCIPIT OSEE PROPHETA</long>
      <short>OSEE PROPHETA</short>
      <abbr>OSEE PROPHETA</abbr>
    </book>
    <book code="JOL">
      <long>INCIPIT JOËL PROPHETA</long>
      <short>JOËL PROPHETA</short>
      <abbr>JOËL PROPHETA</abbr>
    </book>
    <book code="AMO">
      <long>INCIPIT AMOS PROPHETA</long>
      <short>AMOS PROPHETA</short>
      <abbr>AMOS PROPHETA</abbr>
    </book>
    <book code="OBA">
      <long>INCIPIT ABDIAS PROPHETA</long>
      <short>ABDIAS PROPHETA</short>
      <abbr>ABDIAS PROPHETA</abbr>
    </book>
    <book code="JON">
      <long>INCIPIT JONAS PROPHETA</long>
      <short>JONAS PROPHETA</short>
      <abbr>JONAS PROPHETA</abbr>
    </book>
    <book code="MIC">
      <long>INCIPIT MICHA PROPHETA</long>
      <short>MICHA PROPHETA</short>
      <abbr>MICHA PROPHETA</abbr>
    </book>
    <book code="NAM">
      <long>INCIPIT NAHUM PROPHETA</long>
      <short>NAHUM PROPHETA</short>
      <abbr>NAHUM PROPHETA</abbr>
    </book>
    <book code="HAB">
      <long>INCIPIT HABACUC PROPHETA</long>
      <short>HABACUC PROPHETA</short>
      <abbr>HABACUC PROPHETA</abbr>
    </book>
    <book code="ZEP">
      <long>INCIPIT SOFONIAS PROPHETA</long>
      <short>SOFONIAS PROPHETA</short>
      <abbr>SOFONIAS PROPHETA</abbr>
    </book>
    <book code="HAG">
      <long>INCIPIT AGGÆI PROPHETÆ</long>
      <short>AGGÆI PROPHETÆ</short>
      <abbr>AGGÆI PROPHETÆ</abbr>
    </book>
    <book code="ZEC">
      <long>INCIPIT ZACCHARIAS PROPHETA</long>
      <short>ZACCHARIAS PROPHETA</short>
      <abbr>ZACCHARIAS PROPHETA</abbr>
    </book>
    <book code="MAL">
      <long>INCIPIT MALACHI PROPHETA</long>
      <short>MALACHI PROPHETA</short>
      <abbr>MALACHI PROPHETA</abbr>
    </book>
    <book code="TOB">
      <long>INCIPIT LIBER TOBIÆ</long>
      <short>TOBIÆ</short>
      <abbr>TOBIÆ</abbr>
    </book>
    <book code="JDT">
      <long>INCIPIT LIBER IUDITH</long>
      <short>IUDITH</short>
      <abbr>IUDITH</abbr>
    </book>
    <book code="WIS">
      <long>INCIPIT LIBER SAPIENTIÆ SOLOMONIS</long>
      <short>SAPIENTIÆ SOLOMONIS</short>
      <abbr>SAPIENTIÆ SOLOMONIS</abbr>
    </book>
    <book code="SIR">
      <long>INCIPIT LIBER IESU FILII SIRACH</long>
      <short>IESU FILII SIRACH</short>
      <abbr>IESU FILII SIRACH</abbr>
    </book>
    <book code="BAR">
      <long>INCIPIT LIBER BARUCH</long>
      <short>BARUCH</short>
      <abbr>BARUCH</abbr>
    </book>
    <book code="1MA">
      <long>INCIPIT LIBER PRIMUS MACCHABEORUM</long>
      <short>PRIMUS MACCHABEORUM</short>
      <abbr>PRIMUS MACCHABEORUM</abbr>
    </book>
    <book code="2MA">
      <long>MACCHABEORUM INCIPIT LIBER SECUNDUS</long>
      <short>MACCHABEORUM SECUNDUS</short>
      <abbr>MACCHABEORUM SECUNDUS</abbr>
    </book>
    <book code="MAT">
      <long>INCIPIT EVANGELIUM SECUNDUM MATTHEUM</long>
      <short>MATTHEUM</short>
      <abbr>MATTHEUM</abbr>
    </book>
    <book code="MRK">
      <long>INCIPIT SECUNDUM MARCUM</long>
      <short>MARCUM</short>
      <abbr>MARCUM</abbr>
    </book>
    <book code="LUK">
      <long>INCIPIT SECUNDUM LUCAM</long>
      <short>LUCAM</short>
      <abbr>LUCAM</abbr>
    </book>
    <book code="JHN">
      <long>INCIPIT SECUNDUM IOHANNEM</long>
      <short>IOHANNEM</short>
      <abbr>IOHANNEM</abbr>
    </book>
    <book code="ACT">
      <long>INCIPIT LIBER ACTUUM APOSTOLORUM</long>
      <short>ACTUUM APOSTOLORUM</short>
      <abbr>ACTUUM APOSTOLORUM</abbr>
    </book>
    <book code="ROM">
      <long>INCIPIT EPISTULA AD ROMANOS</long>
      <short>ROMANOS</short>
      <abbr>ROMANOS</abbr>
    </book>
    <book code="1CO">
      <long>INCIPIT AD CORINTHIOS I</long>
      <short>CORINTHIOS I</short>
      <abbr>CORINTHIOS I</abbr>
    </book>
    <book code="2CO">
      <long>INCIPIT AD CORINTHIOS II</long>
      <short>CORINTHIOS II</short>
      <abbr>CORINTHIOS II</abbr>
    </book>
    <book code="GAL">
      <long>INCIPIT AD GALATAS</long>
      <short>GALATAS</short>
      <abbr>GALATAS</abbr>
    </book>
    <book code="EPH">
      <long>INCIPIT AD EPHESIOS</long>
      <short>EPHESIOS</short>
      <abbr>EPHESIOS</abbr>
    </book>
    <book code="PHP">
      <long>INCIPIT AD PHILIPPENSES</long>
      <short>PHILIPPENSES</short>
      <abbr>PHILIPPENSES</abbr>
    </book>
    <book code="COL">
      <long>INCIPIT AD COLOSSENES</long>
      <short>COLOSSENES</short>
      <abbr>COLOSSENES</abbr>
    </book>
    <book code="1TH">
      <long>INCIPIT AD THESSALONICENSES I</long>
      <short>THESSALONICENSES I</short>
      <abbr>THESSALONICENSES I</abbr>
    </book>
    <book code="2TH">
      <long>INCIPIT AD THESSALONICENSES II</long>
      <short>THESSALONICENSES II</short>
      <abbr>THESSALONICENSES II</abbr>
    </book>
    <book code="1TI">
      <long>INCIPIT AD TIMOTHEUM I</long>
      <short>TIMOTHEUM I</short>
      <abbr>TIMOTHEUM I</abbr>
    </book>
    <book code="2TI">
      <long>INCIPIT AD TIMOTHEUM II</long>
      <short>TIMOTHEUM II</short>
      <abbr>TIMOTHEUM II</abbr>
    </book>
    <book code="TIT">
      <long>INCIPIT AD TITUM</long>
      <short>TITUM</short>
      <abbr>TITUM</abbr>
    </book>
    <book code="PHM">
      <long>INCIPIT AD PHILEMONEM</long>
      <short>PHILEMONEM</short>
      <abbr>PHILEMONEM</abbr>
    </book>
    <book code="HEB">
      <long>INCIPIT AD HEBRÆOS</long>
      <short>HEBRÆOS</short>
      <abbr>HEBRÆOS</abbr>
    </book>
    <book code="JAS">
      <long>INCIPIT EPISTULA IACOBI</long>
      <short>IACOBI</short>
      <abbr>IACOBI</abbr>
    </book>
    <book code="1PE">
      <long>INCIPIT EPISTULA PETRI I</long>
      <short>PETRI I</short>
      <abbr>PETRI I</abbr>
    </book>
    <book code="2PE">
      <long>INCIPIT EPISTULA PETRI II</long>
      <short>PETRI II</short>
      <abbr>PETRI II</abbr>
    </book>
    <book code="1JN">
      <long>INCIPIT EPISTULA IOHANNIS I</long>
      <short>IOHANNIS I</short>
      <abbr>IOHANNIS I</abbr>
    </book>
    <book code="2JN">
      <long>INCIPIT EPISTULA IOHANNIS II</long>
      <short>IOHANNIS II</short>
      <abbr>IOHANNIS II</abbr>
    </book>
    <book code="3JN">
      <long>INCIPIT EPISTULA IOHANNIS III</long>
      <short>IOHANNIS III</short>
      <abbr>IOHANNIS III</abbr>
    </book>
    <book code="JUD">
      <long>INCIPIT EPISTULA IUDÆ</long>
      <short>IUDÆ</short>
      <abbr>IUDÆ</abbr>
    </book>
    <book code="REV">
      <long>INCIPIT APOCALYPSIS IOHANNIS APOSTOLI</long>
      <short>APOCALYPSIS</short>
      <abbr>APOCALYPSIS</abbr>
    </book>
  </bookNames>
  <contents>
    <bookList default="true" id="1">
      <name>Clementine Vulgate 1598</name>
      <nameLocal>Bibbia Vulgata Clementina na 1598</nameLocal>
      <abbreviation>latVUC</abbreviation>
      <abbreviationLocal>VULC</abbreviationLocal>
      <description>common</description>
      <descriptionLocal />
      <books>
        <book code="GEN" />
        <book code="EXO" />
        <book code="LEV" />
        <book code="NUM" />
        <book code="DEU" />
        <book code="JOS" />
        <book code="JDG" />
        <book code="RUT" />
        <book code="1SA" />
        <book code="2SA" />
        <book code="1KI" />
        <book code="2KI" />
        <book code="1CH" />
        <book code="2CH" />
        <book code="EZR" />
        <book code="NEH" />
        <book code="EST" />
        <book code="JOB" />
        <book code="PSA" />
        <book code="PRO" />
        <book code="ECC" />
        <book code="SNG" />
        <book code="ISA" />
        <book code="JER" />
        <book code="LAM" />
        <book code="EZK" />
        <book code="DAN" />
        <book code="HOS" />
        <book code="JOL" />
        <book code="AMO" />
        <book code="OBA" />
        <book code="JON" />
        <book code="MIC" />
        <book code="NAM" />
        <book code="HAB" />
        <book code="ZEP" />
        <book code="HAG" />
        <book code="ZEC" />
        <book code="MAL" />
        <book code="TOB" />
        <book code="JDT" />
        <book code="WIS" />
        <book code="SIR" />
        <book code="BAR" />
        <book code="1MA" />
        <book code="2MA" />
        <book code="MAT" />
        <book code="MRK" />
        <book code="LUK" />
        <book code="JHN" />
        <book code="ACT" />
        <book code="ROM" />
        <book code="1CO" />
        <book code="2CO" />
        <book code="GAL" />
        <book code="EPH" />
        <book code="PHP" />
        <book code="COL" />
        <book code="1TH" />
        <book code="2TH" />
        <book code="1TI" />
        <book code="2TI" />
        <book code="TIT" />
        <book code="PHM" />
        <book code="HEB" />
        <book code="JAS" />
        <book code="1PE" />
        <book code="2PE" />
        <book code="1JN" />
        <book code="2JN" />
        <book code="3JN" />
        <book code="JUD" />
        <book code="REV" />
      </books>
    </bookList>
  </contents>
  <copyright>
    <statement contentType="xhtml">
      <p>Public Domain

</p>
    </statement>
  </copyright>
  <promotion>
    <promoVersionInfo contentType="xhtml">
      <p>Public Domain</p>
    </promoVersionInfo>
    <promoEmail contentType="xhtml">Thank you for downloading Bibbia Vulgata Clementina na 1598! Now you'll have anytime, anywhere access to God's Word on your mobile device—even if 
you're outside of service coverage or not connected to the Internet. It also means faster service whenever you read that version since it's 
stored on your device. Enjoy! This download was made possible by . We really appreciate their passion for making the Bible available to millions of people around the world. Because of 
their generosity, people like you can open up the Bible and hear from God no matter where you are. You can learn more about them at .</promoEmail>
  </promotion>
  <archiveStatus>
    <archivistName />
    <dateArchived />
    <dateUpdated />
    <comments />
  </archiveStatus>
  <format>text/xml</format>
</DBLMetadata>