﻿<?xml version="1.0" encoding="utf-8"?>
<vernacularParms>
  <scriptureBook ubsAbbreviation="GEN" parm="vernacularFullName">INCIPIT LIBER BERESIT ID EST GENESIS</scriptureBook>
  <scriptureBook ubsAbbreviation="EXO" parm="vernacularFullName">INCIPIT LIBER ELLESMOTH ID EST EXODUS</scriptureBook>
  <scriptureBook ubsAbbreviation="LEV" parm="vernacularFullName">INCIPIT LIBER VAIECRA ID EST LEVITICUS</scriptureBook>
  <scriptureBook ubsAbbreviation="NUM" parm="vernacularFullName">INCIPIT LIBER VAIEDABBER ID EST NUMERI</scriptureBook>
  <scriptureBook ubsAbbreviation="DEU" parm="vernacularFullName">INCIPIT LIBER HELLEADDABARIM ID EST DEUTERONOMIUM</scriptureBook>
  <scriptureBook ubsAbbreviation="JOS" parm="vernacularFullName">INCIPIT LIBER IOSUE BENNUN ID EST IESU NAVE</scriptureBook>
  <scriptureBook ubsAbbreviation="JDG" parm="vernacularFullName">INCIPIT LIBER SOPTHIM ID EST IUDICUM</scriptureBook>
  <scriptureBook ubsAbbreviation="RUT" parm="vernacularFullName">INCIPIT LIBER RUTH</scriptureBook>
  <scriptureBook ubsAbbreviation="1SA" parm="vernacularFullName">INCIPIT LIBER I SAMUHELIS ID EST REGUM PRIMUS</scriptureBook>
  <scriptureBook ubsAbbreviation="2SA" parm="vernacularFullName">INCIPIT LIBER II SAMUHELIS ID EST REGUM SECUNDIS</scriptureBook>
  <scriptureBook ubsAbbreviation="1KI" parm="vernacularFullName">INCIPIT LIBER MALACHIM ID EST REGUM TERTIUS ET QUARTUS</scriptureBook>
  <scriptureBook ubsAbbreviation="2KI" parm="vernacularFullName">INCIPIT LIBER MALACHIM ID EST REGUM QUARTUS</scriptureBook>
  <scriptureBook ubsAbbreviation="1CH" parm="vernacularFullName">INCIPIT LIBER DABREIAMIN ID EST VERBA DEIRUM QUI GRÆCE DICITUR PARALIPOMENON</scriptureBook>
  <scriptureBook ubsAbbreviation="2CH" parm="vernacularFullName">LIBER SECUNDUS PARALIPOMENON</scriptureBook>
  <scriptureBook ubsAbbreviation="EZR" parm="vernacularFullName">INCIPIT LIBER ESDRÆ</scriptureBook>
  <scriptureBook ubsAbbreviation="NEH" parm="vernacularFullName">II ESDRÆ ID EST LIBER NEHEMIÆ</scriptureBook>
  <scriptureBook ubsAbbreviation="EST" parm="vernacularFullName">INCIPIT LIBER HESTER</scriptureBook>
  <scriptureBook ubsAbbreviation="JOB" parm="vernacularFullName">INCIPIT LIBER JOB</scriptureBook>
  <scriptureBook ubsAbbreviation="PSA" parm="vernacularFullName">INCIPIT LIBER PSALMORUM IUXTA HEBRAICUM TRANSLATUS</scriptureBook>
  <scriptureBook ubsAbbreviation="PRO" parm="vernacularFullName">INCIPIT LIBER PROVERBIORUM SALOMONIS</scriptureBook>
  <scriptureBook ubsAbbreviation="ECC" parm="vernacularFullName">INCIPIT LIBER ECCLESIASTES</scriptureBook>
  <scriptureBook ubsAbbreviation="SNG" parm="vernacularFullName">INCIPIT LIBER CANTICUM CANTICORUM</scriptureBook>
  <scriptureBook ubsAbbreviation="ISA" parm="vernacularFullName">INCIPIT LIBER ISAIÆ PROPHETÆ</scriptureBook>
  <scriptureBook ubsAbbreviation="JER" parm="vernacularFullName">INCIPIT LIBER JEREMIÆ PROPHETÆ</scriptureBook>
  <scriptureBook ubsAbbreviation="LAM" parm="vernacularFullName">LAMENTATIONES</scriptureBook>
  <scriptureBook ubsAbbreviation="EZK" parm="vernacularFullName">INCIPIT LIBER HIEZECHIELIS PROPHETÆ</scriptureBook>
  <scriptureBook ubsAbbreviation="DAN" parm="vernacularFullName">INCIPIT LIBER DANIHELIS PROPHETÆ</scriptureBook>
  <scriptureBook ubsAbbreviation="HOS" parm="vernacularFullName">INCIPIT OSEE PROPHETA</scriptureBook>
  <scriptureBook ubsAbbreviation="JOL" parm="vernacularFullName">INCIPIT JOËL PROPHETA</scriptureBook>
  <scriptureBook ubsAbbreviation="AMO" parm="vernacularFullName">INCIPIT AMOS PROPHETA</scriptureBook>
  <scriptureBook ubsAbbreviation="OBA" parm="vernacularFullName">INCIPIT ABDIAS PROPHETA</scriptureBook>
  <scriptureBook ubsAbbreviation="JON" parm="vernacularFullName">INCIPIT JONAS PROPHETA</scriptureBook>
  <scriptureBook ubsAbbreviation="MIC" parm="vernacularFullName">INCIPIT MICHA PROPHETA</scriptureBook>
  <scriptureBook ubsAbbreviation="NAM" parm="vernacularFullName">INCIPIT NAHUM PROPHETA</scriptureBook>
  <scriptureBook ubsAbbreviation="HAB" parm="vernacularFullName">INCIPIT HABACUC PROPHETA</scriptureBook>
  <scriptureBook ubsAbbreviation="ZEP" parm="vernacularFullName">INCIPIT SOFONIAS PROPHETA</scriptureBook>
  <scriptureBook ubsAbbreviation="HAG" parm="vernacularFullName">INCIPIT AGGÆI PROPHETÆ</scriptureBook>
  <scriptureBook ubsAbbreviation="ZEC" parm="vernacularFullName">INCIPIT ZACCHARIAS PROPHETA</scriptureBook>
  <scriptureBook ubsAbbreviation="MAL" parm="vernacularFullName">INCIPIT MALACHI PROPHETA</scriptureBook>
  <scriptureBook ubsAbbreviation="TOB" parm="vernacularFullName">INCIPIT LIBER TOBIÆ</scriptureBook>
  <scriptureBook ubsAbbreviation="JDT" parm="vernacularFullName">INCIPIT LIBER IUDITH</scriptureBook>
  <scriptureBook ubsAbbreviation="WIS" parm="vernacularFullName">INCIPIT LIBER SAPIENTIÆ SOLOMONIS</scriptureBook>
  <scriptureBook ubsAbbreviation="SIR" parm="vernacularFullName">INCIPIT LIBER IESU FILII SIRACH</scriptureBook>
  <scriptureBook ubsAbbreviation="BAR" parm="vernacularFullName">INCIPIT LIBER BARUCH</scriptureBook>
  <scriptureBook ubsAbbreviation="1MA" parm="vernacularFullName">INCIPIT LIBER PRIMUS MACCHABEORUM</scriptureBook>
  <scriptureBook ubsAbbreviation="2MA" parm="vernacularFullName">MACCHABEORUM INCIPIT LIBER SECUNDUS</scriptureBook>
  <scriptureBook ubsAbbreviation="MAT" parm="vernacularFullName">INCIPIT EVANGELIUM SECUNDUM MATTHEUM</scriptureBook>
  <scriptureBook ubsAbbreviation="MRK" parm="vernacularFullName">INCIPIT SECUNDUM MARCUM</scriptureBook>
  <scriptureBook ubsAbbreviation="LUK" parm="vernacularFullName">INCIPIT SECUNDUM LUCAM</scriptureBook>
  <scriptureBook ubsAbbreviation="JHN" parm="vernacularFullName">INCIPIT SECUNDUM IOHANNEM</scriptureBook>
  <scriptureBook ubsAbbreviation="ACT" parm="vernacularFullName">INCIPIT LIBER ACTUUM APOSTOLORUM</scriptureBook>
  <scriptureBook ubsAbbreviation="ROM" parm="vernacularFullName">INCIPIT EPISTULA AD ROMANOS</scriptureBook>
  <scriptureBook ubsAbbreviation="1CO" parm="vernacularFullName">INCIPIT AD CORINTHIOS I</scriptureBook>
  <scriptureBook ubsAbbreviation="2CO" parm="vernacularFullName">INCIPIT AD CORINTHIOS II</scriptureBook>
  <scriptureBook ubsAbbreviation="GAL" parm="vernacularFullName">INCIPIT AD GALATAS</scriptureBook>
  <scriptureBook ubsAbbreviation="EPH" parm="vernacularFullName">INCIPIT AD EPHESIOS</scriptureBook>
  <scriptureBook ubsAbbreviation="PHP" parm="vernacularFullName">INCIPIT AD PHILIPPENSES</scriptureBook>
  <scriptureBook ubsAbbreviation="COL" parm="vernacularFullName">INCIPIT AD COLOSSENES</scriptureBook>
  <scriptureBook ubsAbbreviation="1TH" parm="vernacularFullName">INCIPIT AD THESSALONICENSES I</scriptureBook>
  <scriptureBook ubsAbbreviation="2TH" parm="vernacularFullName">INCIPIT AD THESSALONICENSES II</scriptureBook>
  <scriptureBook ubsAbbreviation="1TI" parm="vernacularFullName">INCIPIT AD TIMOTHEUM I</scriptureBook>
  <scriptureBook ubsAbbreviation="2TI" parm="vernacularFullName">INCIPIT AD TIMOTHEUM II</scriptureBook>
  <scriptureBook ubsAbbreviation="TIT" parm="vernacularFullName">INCIPIT AD TITUM</scriptureBook>
  <scriptureBook ubsAbbreviation="PHM" parm="vernacularFullName">INCIPIT AD PHILEMONEM</scriptureBook>
  <scriptureBook ubsAbbreviation="HEB" parm="vernacularFullName">INCIPIT AD HEBRÆOS</scriptureBook>
  <scriptureBook ubsAbbreviation="JAS" parm="vernacularFullName">INCIPIT EPISTULA IACOBI</scriptureBook>
  <scriptureBook ubsAbbreviation="1PE" parm="vernacularFullName">INCIPIT EPISTULA PETRI I</scriptureBook>
  <scriptureBook ubsAbbreviation="2PE" parm="vernacularFullName">INCIPIT EPISTULA PETRI II</scriptureBook>
  <scriptureBook ubsAbbreviation="1JN" parm="vernacularFullName">INCIPIT EPISTULA IOHANNIS I</scriptureBook>
  <scriptureBook ubsAbbreviation="2JN" parm="vernacularFullName">INCIPIT EPISTULA IOHANNIS II</scriptureBook>
  <scriptureBook ubsAbbreviation="3JN" parm="vernacularFullName">INCIPIT EPISTULA IOHANNIS III</scriptureBook>
  <scriptureBook ubsAbbreviation="JUD" parm="vernacularFullName">INCIPIT EPISTULA IUDÆ</scriptureBook>
  <scriptureBook ubsAbbreviation="REV" parm="vernacularFullName">INCIPIT APOCALYPSIS IOHANNIS APOSTOLI</scriptureBook>
  <scriptureBook ubsAbbreviation="GEN" parm="vernacularAbbreviatedName">GENESIS</scriptureBook>
  <scriptureBook ubsAbbreviation="EXO" parm="vernacularAbbreviatedName">EXODUS</scriptureBook>
  <scriptureBook ubsAbbreviation="LEV" parm="vernacularAbbreviatedName">LEVITICUS</scriptureBook>
  <scriptureBook ubsAbbreviation="NUM" parm="vernacularAbbreviatedName">LIBER NUMERI</scriptureBook>
  <scriptureBook ubsAbbreviation="DEU" parm="vernacularAbbreviatedName">DEUTERONOMII</scriptureBook>
  <scriptureBook ubsAbbreviation="JOS" parm="vernacularAbbreviatedName">IOSUE</scriptureBook>
  <scriptureBook ubsAbbreviation="JDG" parm="vernacularAbbreviatedName">IUDICUM</scriptureBook>
  <scriptureBook ubsAbbreviation="RUT" parm="vernacularAbbreviatedName">RUTH</scriptureBook>
  <scriptureBook ubsAbbreviation="1SA" parm="vernacularAbbreviatedName">I SAMUELIS</scriptureBook>
  <scriptureBook ubsAbbreviation="2SA" parm="vernacularAbbreviatedName">II SAMUELIS</scriptureBook>
  <scriptureBook ubsAbbreviation="1KI" parm="vernacularAbbreviatedName">I REGUM</scriptureBook>
  <scriptureBook ubsAbbreviation="2KI" parm="vernacularAbbreviatedName">II REGUM</scriptureBook>
  <scriptureBook ubsAbbreviation="1CH" parm="vernacularAbbreviatedName">I PARALIPOMENON</scriptureBook>
  <scriptureBook ubsAbbreviation="2CH" parm="vernacularAbbreviatedName">II PARALIPOMENON</scriptureBook>
  <scriptureBook ubsAbbreviation="EZR" parm="vernacularAbbreviatedName">ESDRÆ</scriptureBook>
  <scriptureBook ubsAbbreviation="NEH" parm="vernacularAbbreviatedName">NEHEMIÆ</scriptureBook>
  <scriptureBook ubsAbbreviation="EST" parm="vernacularAbbreviatedName">ESTHER</scriptureBook>
  <scriptureBook ubsAbbreviation="JOB" parm="vernacularAbbreviatedName">JOB</scriptureBook>
  <scriptureBook ubsAbbreviation="PSA" parm="vernacularAbbreviatedName">PSALMORUM</scriptureBook>
  <scriptureBook ubsAbbreviation="PRO" parm="vernacularAbbreviatedName">PROVERBIORUM</scriptureBook>
  <scriptureBook ubsAbbreviation="ECC" parm="vernacularAbbreviatedName">ECCLESIASTES</scriptureBook>
  <scriptureBook ubsAbbreviation="SNG" parm="vernacularAbbreviatedName">CANTICUM CANTICORUM</scriptureBook>
  <scriptureBook ubsAbbreviation="ISA" parm="vernacularAbbreviatedName">ISAIÆ</scriptureBook>
  <scriptureBook ubsAbbreviation="JER" parm="vernacularAbbreviatedName">JEREMIÆ</scriptureBook>
  <scriptureBook ubsAbbreviation="LAM" parm="vernacularAbbreviatedName">LAMENTATIONES</scriptureBook>
  <scriptureBook ubsAbbreviation="EZK" parm="vernacularAbbreviatedName">HIEZECHIELIS PROPHETÆ</scriptureBook>
  <scriptureBook ubsAbbreviation="DAN" parm="vernacularAbbreviatedName">DANIHELIS PROPHETÆ</scriptureBook>
  <scriptureBook ubsAbbreviation="HOS" parm="vernacularAbbreviatedName">OSEE PROPHETA</scriptureBook>
  <scriptureBook ubsAbbreviation="JOL" parm="vernacularAbbreviatedName">JOËL PROPHETA</scriptureBook>
  <scriptureBook ubsAbbreviation="AMO" parm="vernacularAbbreviatedName">AMOS PROPHETA</scriptureBook>
  <scriptureBook ubsAbbreviation="OBA" parm="vernacularAbbreviatedName">ABDIAS PROPHETA</scriptureBook>
  <scriptureBook ubsAbbreviation="JON" parm="vernacularAbbreviatedName">JONAS PROPHETA</scriptureBook>
  <scriptureBook ubsAbbreviation="MIC" parm="vernacularAbbreviatedName">MICHA PROPHETA</scriptureBook>
  <scriptureBook ubsAbbreviation="NAM" parm="vernacularAbbreviatedName">NAHUM PROPHETA</scriptureBook>
  <scriptureBook ubsAbbreviation="HAB" parm="vernacularAbbreviatedName">HABACUC PROPHETA</scriptureBook>
  <scriptureBook ubsAbbreviation="ZEP" parm="vernacularAbbreviatedName">SOFONIAS PROPHETA</scriptureBook>
  <scriptureBook ubsAbbreviation="HAG" parm="vernacularAbbreviatedName">AGGÆI PROPHETÆ</scriptureBook>
  <scriptureBook ubsAbbreviation="ZEC" parm="vernacularAbbreviatedName">ZACCHARIAS PROPHETA</scriptureBook>
  <scriptureBook ubsAbbreviation="MAL" parm="vernacularAbbreviatedName">MALACHI PROPHETA</scriptureBook>
  <scriptureBook ubsAbbreviation="TOB" parm="vernacularAbbreviatedName">TOBIÆ</scriptureBook>
  <scriptureBook ubsAbbreviation="JDT" parm="vernacularAbbreviatedName">IUDITH</scriptureBook>
  <scriptureBook ubsAbbreviation="WIS" parm="vernacularAbbreviatedName">SAPIENTIÆ SOLOMONIS</scriptureBook>
  <scriptureBook ubsAbbreviation="SIR" parm="vernacularAbbreviatedName">IESU FILII SIRACH</scriptureBook>
  <scriptureBook ubsAbbreviation="BAR" parm="vernacularAbbreviatedName">BARUCH</scriptureBook>
  <scriptureBook ubsAbbreviation="1MA" parm="vernacularAbbreviatedName">PRIMUS MACCHABEORUM</scriptureBook>
  <scriptureBook ubsAbbreviation="2MA" parm="vernacularAbbreviatedName">MACCHABEORUM SECUNDUS</scriptureBook>
  <scriptureBook ubsAbbreviation="MAT" parm="vernacularAbbreviatedName">MATTHEUM</scriptureBook>
  <scriptureBook ubsAbbreviation="MRK" parm="vernacularAbbreviatedName">MARCUM</scriptureBook>
  <scriptureBook ubsAbbreviation="LUK" parm="vernacularAbbreviatedName">LUCAM</scriptureBook>
  <scriptureBook ubsAbbreviation="JHN" parm="vernacularAbbreviatedName">IOHANNEM</scriptureBook>
  <scriptureBook ubsAbbreviation="ACT" parm="vernacularAbbreviatedName">ACTUUM APOSTOLORUM</scriptureBook>
  <scriptureBook ubsAbbreviation="ROM" parm="vernacularAbbreviatedName">ROMANOS</scriptureBook>
  <scriptureBook ubsAbbreviation="1CO" parm="vernacularAbbreviatedName">CORINTHIOS I</scriptureBook>
  <scriptureBook ubsAbbreviation="2CO" parm="vernacularAbbreviatedName">CORINTHIOS II</scriptureBook>
  <scriptureBook ubsAbbreviation="GAL" parm="vernacularAbbreviatedName">GALATAS</scriptureBook>
  <scriptureBook ubsAbbreviation="EPH" parm="vernacularAbbreviatedName">EPHESIOS</scriptureBook>
  <scriptureBook ubsAbbreviation="PHP" parm="vernacularAbbreviatedName">PHILIPPENSES</scriptureBook>
  <scriptureBook ubsAbbreviation="COL" parm="vernacularAbbreviatedName">COLOSSENES</scriptureBook>
  <scriptureBook ubsAbbreviation="1TH" parm="vernacularAbbreviatedName">THESSALONICENSES I</scriptureBook>
  <scriptureBook ubsAbbreviation="2TH" parm="vernacularAbbreviatedName">THESSALONICENSES II</scriptureBook>
  <scriptureBook ubsAbbreviation="1TI" parm="vernacularAbbreviatedName">TIMOTHEUM I</scriptureBook>
  <scriptureBook ubsAbbreviation="2TI" parm="vernacularAbbreviatedName">TIMOTHEUM II</scriptureBook>
  <scriptureBook ubsAbbreviation="TIT" parm="vernacularAbbreviatedName">TITUM</scriptureBook>
  <scriptureBook ubsAbbreviation="PHM" parm="vernacularAbbreviatedName">PHILEMONEM</scriptureBook>
  <scriptureBook ubsAbbreviation="HEB" parm="vernacularAbbreviatedName">HEBRÆOS</scriptureBook>
  <scriptureBook ubsAbbreviation="JAS" parm="vernacularAbbreviatedName">IACOBI</scriptureBook>
  <scriptureBook ubsAbbreviation="1PE" parm="vernacularAbbreviatedName">PETRI I</scriptureBook>
  <scriptureBook ubsAbbreviation="2PE" parm="vernacularAbbreviatedName">PETRI II</scriptureBook>
  <scriptureBook ubsAbbreviation="1JN" parm="vernacularAbbreviatedName">IOHANNIS I</scriptureBook>
  <scriptureBook ubsAbbreviation="2JN" parm="vernacularAbbreviatedName">IOHANNIS II</scriptureBook>
  <scriptureBook ubsAbbreviation="3JN" parm="vernacularAbbreviatedName">IOHANNIS III</scriptureBook>
  <scriptureBook ubsAbbreviation="JUD" parm="vernacularAbbreviatedName">IUDÆ</scriptureBook>
  <scriptureBook ubsAbbreviation="REV" parm="vernacularAbbreviatedName">APOCALYPSIS</scriptureBook>
  <scriptureBook ubsAbbreviation="GEN" parm="vernacularBookAbbreviation">GENESIS</scriptureBook>
  <scriptureBook ubsAbbreviation="EXO" parm="vernacularBookAbbreviation">EXODUS</scriptureBook>
  <scriptureBook ubsAbbreviation="LEV" parm="vernacularBookAbbreviation">LEVITICUS</scriptureBook>
  <scriptureBook ubsAbbreviation="NUM" parm="vernacularBookAbbreviation">LIBER NUMERI</scriptureBook>
  <scriptureBook ubsAbbreviation="DEU" parm="vernacularBookAbbreviation">DEUTERONOMII</scriptureBook>
  <scriptureBook ubsAbbreviation="JOS" parm="vernacularBookAbbreviation">IOSUE</scriptureBook>
  <scriptureBook ubsAbbreviation="JDG" parm="vernacularBookAbbreviation">IUDICUM</scriptureBook>
  <scriptureBook ubsAbbreviation="RUT" parm="vernacularBookAbbreviation">RUTH</scriptureBook>
  <scriptureBook ubsAbbreviation="1SA" parm="vernacularBookAbbreviation">I SAMUELIS</scriptureBook>
  <scriptureBook ubsAbbreviation="2SA" parm="vernacularBookAbbreviation">II SAMUELIS</scriptureBook>
  <scriptureBook ubsAbbreviation="1KI" parm="vernacularBookAbbreviation">I REGUM</scriptureBook>
  <scriptureBook ubsAbbreviation="2KI" parm="vernacularBookAbbreviation">II REGUM</scriptureBook>
  <scriptureBook ubsAbbreviation="1CH" parm="vernacularBookAbbreviation">I PARALIPOMENON</scriptureBook>
  <scriptureBook ubsAbbreviation="2CH" parm="vernacularBookAbbreviation">II PARALIPOMENON</scriptureBook>
  <scriptureBook ubsAbbreviation="EZR" parm="vernacularBookAbbreviation">ESDRÆ</scriptureBook>
  <scriptureBook ubsAbbreviation="NEH" parm="vernacularBookAbbreviation">NEHEMIÆ</scriptureBook>
  <scriptureBook ubsAbbreviation="EST" parm="vernacularBookAbbreviation">ESTHER</scriptureBook>
  <scriptureBook ubsAbbreviation="JOB" parm="vernacularBookAbbreviation">JOB</scriptureBook>
  <scriptureBook ubsAbbreviation="PSA" parm="vernacularBookAbbreviation">PSALMORUM</scriptureBook>
  <scriptureBook ubsAbbreviation="PRO" parm="vernacularBookAbbreviation">PROVERBIORUM</scriptureBook>
  <scriptureBook ubsAbbreviation="ECC" parm="vernacularBookAbbreviation">ECCLESIASTES</scriptureBook>
  <scriptureBook ubsAbbreviation="SNG" parm="vernacularBookAbbreviation">CANTICUM CANTICORUM</scriptureBook>
  <scriptureBook ubsAbbreviation="ISA" parm="vernacularBookAbbreviation">ISAIÆ</scriptureBook>
  <scriptureBook ubsAbbreviation="JER" parm="vernacularBookAbbreviation">JEREMIÆ</scriptureBook>
  <scriptureBook ubsAbbreviation="LAM" parm="vernacularBookAbbreviation">LAMENTATIONES</scriptureBook>
  <scriptureBook ubsAbbreviation="EZK" parm="vernacularBookAbbreviation">HIEZECHIELIS PROPHETÆ</scriptureBook>
  <scriptureBook ubsAbbreviation="DAN" parm="vernacularBookAbbreviation">DANIHELIS PROPHETÆ</scriptureBook>
  <scriptureBook ubsAbbreviation="HOS" parm="vernacularBookAbbreviation">OSEE PROPHETA</scriptureBook>
  <scriptureBook ubsAbbreviation="JOL" parm="vernacularBookAbbreviation">JOËL PROPHETA</scriptureBook>
  <scriptureBook ubsAbbreviation="AMO" parm="vernacularBookAbbreviation">AMOS PROPHETA</scriptureBook>
  <scriptureBook ubsAbbreviation="OBA" parm="vernacularBookAbbreviation">ABDIAS PROPHETA</scriptureBook>
  <scriptureBook ubsAbbreviation="JON" parm="vernacularBookAbbreviation">JONAS PROPHETA</scriptureBook>
  <scriptureBook ubsAbbreviation="MIC" parm="vernacularBookAbbreviation">MICHA PROPHETA</scriptureBook>
  <scriptureBook ubsAbbreviation="NAM" parm="vernacularBookAbbreviation">NAHUM PROPHETA</scriptureBook>
  <scriptureBook ubsAbbreviation="HAB" parm="vernacularBookAbbreviation">HABACUC PROPHETA</scriptureBook>
  <scriptureBook ubsAbbreviation="ZEP" parm="vernacularBookAbbreviation">SOFONIAS PROPHETA</scriptureBook>
  <scriptureBook ubsAbbreviation="HAG" parm="vernacularBookAbbreviation">AGGÆI PROPHETÆ</scriptureBook>
  <scriptureBook ubsAbbreviation="ZEC" parm="vernacularBookAbbreviation">ZACCHARIAS PROPHETA</scriptureBook>
  <scriptureBook ubsAbbreviation="MAL" parm="vernacularBookAbbreviation">MALACHI PROPHETA</scriptureBook>
  <scriptureBook ubsAbbreviation="TOB" parm="vernacularBookAbbreviation">TOBIÆ</scriptureBook>
  <scriptureBook ubsAbbreviation="JDT" parm="vernacularBookAbbreviation">IUDITH</scriptureBook>
  <scriptureBook ubsAbbreviation="WIS" parm="vernacularBookAbbreviation">SAPIENTIÆ SOLOMONIS</scriptureBook>
  <scriptureBook ubsAbbreviation="SIR" parm="vernacularBookAbbreviation">IESU FILII SIRACH</scriptureBook>
  <scriptureBook ubsAbbreviation="BAR" parm="vernacularBookAbbreviation">BARUCH</scriptureBook>
  <scriptureBook ubsAbbreviation="1MA" parm="vernacularBookAbbreviation">PRIMUS MACCHABEORUM</scriptureBook>
  <scriptureBook ubsAbbreviation="2MA" parm="vernacularBookAbbreviation">MACCHABEORUM SECUNDUS</scriptureBook>
  <scriptureBook ubsAbbreviation="MAT" parm="vernacularBookAbbreviation">MATTHEUM</scriptureBook>
  <scriptureBook ubsAbbreviation="MRK" parm="vernacularBookAbbreviation">MARCUM</scriptureBook>
  <scriptureBook ubsAbbreviation="LUK" parm="vernacularBookAbbreviation">LUCAM</scriptureBook>
  <scriptureBook ubsAbbreviation="JHN" parm="vernacularBookAbbreviation">IOHANNEM</scriptureBook>
  <scriptureBook ubsAbbreviation="ACT" parm="vernacularBookAbbreviation">ACTUUM APOSTOLORUM</scriptureBook>
  <scriptureBook ubsAbbreviation="ROM" parm="vernacularBookAbbreviation">ROMANOS</scriptureBook>
  <scriptureBook ubsAbbreviation="1CO" parm="vernacularBookAbbreviation">CORINTHIOS I</scriptureBook>
  <scriptureBook ubsAbbreviation="2CO" parm="vernacularBookAbbreviation">CORINTHIOS II</scriptureBook>
  <scriptureBook ubsAbbreviation="GAL" parm="vernacularBookAbbreviation">GALATAS</scriptureBook>
  <scriptureBook ubsAbbreviation="EPH" parm="vernacularBookAbbreviation">EPHESIOS</scriptureBook>
  <scriptureBook ubsAbbreviation="PHP" parm="vernacularBookAbbreviation">PHILIPPENSES</scriptureBook>
  <scriptureBook ubsAbbreviation="COL" parm="vernacularBookAbbreviation">COLOSSENES</scriptureBook>
  <scriptureBook ubsAbbreviation="1TH" parm="vernacularBookAbbreviation">THESSALONICENSES I</scriptureBook>
  <scriptureBook ubsAbbreviation="2TH" parm="vernacularBookAbbreviation">THESSALONICENSES II</scriptureBook>
  <scriptureBook ubsAbbreviation="1TI" parm="vernacularBookAbbreviation">TIMOTHEUM I</scriptureBook>
  <scriptureBook ubsAbbreviation="2TI" parm="vernacularBookAbbreviation">TIMOTHEUM II</scriptureBook>
  <scriptureBook ubsAbbreviation="TIT" parm="vernacularBookAbbreviation">TITUM</scriptureBook>
  <scriptureBook ubsAbbreviation="PHM" parm="vernacularBookAbbreviation">PHILEMONEM</scriptureBook>
  <scriptureBook ubsAbbreviation="HEB" parm="vernacularBookAbbreviation">HEBRÆOS</scriptureBook>
  <scriptureBook ubsAbbreviation="JAS" parm="vernacularBookAbbreviation">IACOBI</scriptureBook>
  <scriptureBook ubsAbbreviation="1PE" parm="vernacularBookAbbreviation">PETRI I</scriptureBook>
  <scriptureBook ubsAbbreviation="2PE" parm="vernacularBookAbbreviation">PETRI II</scriptureBook>
  <scriptureBook ubsAbbreviation="1JN" parm="vernacularBookAbbreviation">IOHANNIS I</scriptureBook>
  <scriptureBook ubsAbbreviation="2JN" parm="vernacularBookAbbreviation">IOHANNIS II</scriptureBook>
  <scriptureBook ubsAbbreviation="3JN" parm="vernacularBookAbbreviation">IOHANNIS III</scriptureBook>
  <scriptureBook ubsAbbreviation="JUD" parm="vernacularBookAbbreviation">IUDÆ</scriptureBook>
  <scriptureBook ubsAbbreviation="REV" parm="vernacularBookAbbreviation">APOCALYPSIS</scriptureBook>
  <dcMeta xmlns:xsi="http://www.w3.org/2001/XMLSchema-instance" xsi:schemaLocation="http://dublincore.org/schemas/xmls/qdc/2008/02/11/dc.xsd" xmlns:dc="http://purl.org/dc/elements/1.1/">
    <dc:creator>Jerome</dc:creator>
    <dc:contributor />
    <dc:title>Bibbia Vulgata Clementina na 1598</dc:title>
    <dc:description>Clementine Vulgate of 1598 with Glossa Ordinaria Migne edition 1880 in Latin</dc:description>
    <dc:date>2014-08-23</dc:date>
    <dc:format>digital</dc:format>
    <dc:language>lat</dc:language>
    <dc:publisher>Digital Bible Society</dc:publisher>
    <dc:rights>Public Domain</dc:rights>
    <dc:identifier />
    <dc:type />
  </dcMeta>
  <numberSystem>Default</numberSystem>
  <chapterAndVerseSeparator>.</chapterAndVerseSeparator>
  <rangeSeparator>-</rangeSeparator>
  <multiRefSameChapterSeparator>,</multiRefSameChapterSeparator>
  <multiRefDifferentChapterSeparator>—</multiRefDifferentChapterSeparator>
  <verseNumberLocation>Begin</verseNumberLocation>
  <footnoteMarkerStyle>Circulate</footnoteMarkerStyle>
  <footnoteMarkerResetAt>Book</footnoteMarkerResetAt>
  <footnoteMarkers>* † ‡ § ** †† ‡‡ §§ *** ††† ‡‡‡ §§§</footnoteMarkers>
  <BookSourceForMarkerXt>Abbreviation</BookSourceForMarkerXt>
  <BookSourceForMarkerR>ShortName</BookSourceForMarkerR>
  <iso>lat</iso>
  <isoVariant />
  <langName>Latine</langName>
  <textDir>ltr</textDir>
  <hasNotes>True</hasNotes>
  <coverTitle>Bibbia Vulgata Clementina na 1598</coverTitle>
</vernacularParms>